Local,Nome do Enum - Prisma,Nome do Enum - DDD,Valor - PostgreSQL,Valor - Prisma,Valor - DDD,Nome no back - Atual,Nome no back - DDD,Nome no front - Atual,Nome no front - DDD,Label em tela - Atual,Label em tela - DDD,Local Tela,Descricao,Produto Gravity,Usado em (models),Usado em (campos),Ordem de exibicao,Cor / Badge,Icone,E valor padrao?,Deprecated?,Arquivo fragment,Status DDD,Observacoes
Configurador,OrganizacaoStatus,,ACTIVE,ACTIVE,,,,,,,,,,Configurador,Organizacao,status,1,,,Nao,,configurador/prisma/schema.prisma,,
Configurador,OrganizacaoStatus,,SUSPENDED,SUSPENDED,,,,,,,,,,Configurador,Organizacao,status,2,,,Nao,,configurador/prisma/schema.prisma,,
Configurador,OrganizacaoStatus,,CANCELLED,CANCELLED,,,,,,,,,,Configurador,Organizacao,status,3,,,Nao,,configurador/prisma/schema.prisma,,
Configurador,OrganizacaoStatus,,PENDING_SETUP,PENDING_SETUP,,,,,,,,,,Configurador,Organizacao,status,4,,,Sim,,configurador/prisma/schema.prisma,,
Configurador,StatusAssinaturaProdutoGravity,,ACTIVE,ACTIVE,,,,,,,,,,Configurador,AssinaturaProdutoGravity,status,1,,,Nao,,configurador/prisma/schema.prisma,,
Configurador,StatusAssinaturaProdutoGravity,,PAST_DUE,PAST_DUE,,,,,,,,,,Configurador,AssinaturaProdutoGravity,status,2,,,Nao,,configurador/prisma/schema.prisma,,
Configurador,StatusAssinaturaProdutoGravity,,CANCELLED,CANCELLED,,,,,,,,,,Configurador,AssinaturaProdutoGravity,status,3,,,Nao,,configurador/prisma/schema.prisma,,
Configurador,StatusAssinaturaProdutoGravity,,TRIALING,TRIALING,,,,,,,,,,Configurador,AssinaturaProdutoGravity,status,4,,,Sim,,configurador/prisma/schema.prisma,,
Configurador,StatusAssinaturaProdutoGravity,,INCOMPLETE,INCOMPLETE,,,,,,,,,,Configurador,AssinaturaProdutoGravity,status,5,,,Nao,,configurador/prisma/schema.prisma,,
Configurador,TipoUsuario,,SUPER_ADMIN,SUPER_ADMIN,,,,,,,,,,Configurador,Usuario,role,1,,,Nao,,configurador/prisma/schema.prisma,,
Configurador,TipoUsuario,,ADMIN,ADMIN,,,,,,,,,,Configurador,Usuario,role,2,,,Nao,,configurador/prisma/schema.prisma,,
Configurador,TipoUsuario,,MASTER,MASTER,,,,,,,,,,Configurador,Usuario,role,3,,,Nao,,configurador/prisma/schema.prisma,,
Configurador,TipoUsuario,,STANDARD,STANDARD,,,,,,,,,,Configurador,Usuario,role,4,,,Sim,,configurador/prisma/schema.prisma,,
Configurador,TipoUsuario,,SUPPLIER,SUPPLIER,,,,,,,,,,Configurador,Usuario,role,5,,,Nao,,configurador/prisma/schema.prisma,,
Configurador,StatusEmpresa,,ACTIVE,ACTIVE,,,,,,,,,,Configurador,Empresa,status,1,,,Sim,,configurador/prisma/schema.prisma,,
Configurador,StatusEmpresa,,INACTIVE,INACTIVE,,,,,,,,,,Configurador,Empresa,status,2,,,Nao,,configurador/prisma/schema.prisma,,
Configurador,TipoMembroEmpresa,,MASTER,MASTER,,,,,,,,,,Configurador,UsuarioWorkspace,role,1,,,Nao,,configurador/prisma/schema.prisma,,
Configurador,TipoMembroEmpresa,,STANDARD,STANDARD,,,,,,,,,,Configurador,UsuarioWorkspace,role,2,,,Sim,,configurador/prisma/schema.prisma,,
Configurador,TipoMembroEmpresa,,SUPPLIER,SUPPLIER,,,,,,,,,,Configurador,UsuarioWorkspace,role,3,,,Nao,,configurador/prisma/schema.prisma,,
Configurador,EscopoTokenServico,,SERVICE,SERVICE,,,,,,,,,,Configurador,,,1,,,Nao,,configurador/prisma/schema.prisma,,
Configurador,EscopoTokenServico,,WEBHOOK,WEBHOOK,,,,,,,,,,Configurador,,,2,,,Nao,,configurador/prisma/schema.prisma,,
Configurador,EscopoTokenServico,,CRON,CRON,,,,,,,,,,Configurador,,,3,,,Nao,,configurador/prisma/schema.prisma,,
Configurador,StatusProduto,,ACTIVE,ACTIVE,,,,,,,,,,Configurador,ProdutoGravity,status,1,,,Sim,,configurador/prisma/schema.prisma,,
Configurador,StatusProduto,,SUSPENDED,SUSPENDED,,,,,,,,,,Configurador,ProdutoGravity,status,2,,,Nao,,configurador/prisma/schema.prisma,,
Configurador,StatusProduto,,COMING_SOON,COMING_SOON,,,,,,,,,,Configurador,ProdutoGravity,status,3,,,Nao,,configurador/prisma/schema.prisma,,
Configurador,StatusProduto,,LEGACY,LEGACY,,,,,,,,,,Configurador,ProdutoGravity,status,4,,,Nao,,configurador/prisma/schema.prisma,,
Configurador,StatusProduto,,INACTIVE,INACTIVE,,,,,,,,,,Configurador,ProdutoGravity,status,5,,,Nao,,configurador/prisma/schema.prisma,,
Configurador,TipoCobranca,,MONTHLY,MONTHLY,,,,,,,,,,Configurador,ProdutoGravity,billing_type,1,,,Sim,,configurador/prisma/schema.prisma,,
Configurador,TipoCobranca,,PER_PROCESS,PER_PROCESS,,,,,,,,,,Configurador,ProdutoGravity,billing_type,2,,,Nao,,configurador/prisma/schema.prisma,,
Configurador,TipoCobranca,,PER_DOCUMENT,PER_DOCUMENT,,,,,,,,,,Configurador,ProdutoGravity,billing_type,3,,,Nao,,configurador/prisma/schema.prisma,,
Configurador,TipoCobranca,,PER_ESTIMATE,PER_ESTIMATE,,,,,,,,,,Configurador,ProdutoGravity,billing_type,4,,,Nao,,configurador/prisma/schema.prisma,,
Configurador,TipoCobranca,,PER_DI_DUIMP,PER_DI_DUIMP,,,,,,,,,,Configurador,ProdutoGravity,billing_type,5,,,Nao,,configurador/prisma/schema.prisma,,
Configurador,TipoCobranca,,PER_DUE,PER_DUE,,,,,,,,,,Configurador,ProdutoGravity,billing_type,6,,,Nao,,configurador/prisma/schema.prisma,,
Configurador,TipoCobranca,,PER_PRODUCT,PER_PRODUCT,,,,,,,,,,Configurador,ProdutoGravity,billing_type,7,,,Nao,,configurador/prisma/schema.prisma,,
Configurador,TipoCobranca,,PER_FLOW,PER_FLOW,,,,,,,,,,Configurador,ProdutoGravity,billing_type,8,,,Nao,,configurador/prisma/schema.prisma,,
Configurador,TipoCobranca,,PER_LPCO,PER_LPCO,,,,,,,,,,Configurador,ProdutoGravity,billing_type,9,,,Nao,,configurador/prisma/schema.prisma,,
Configurador,TipoLimiteUsuario,,UNLIMITED,UNLIMITED,,,,,,,,,,Configurador,ProdutoGravity,user_limit_type,1,,,Sim,,configurador/prisma/schema.prisma,,
Configurador,TipoLimiteUsuario,,LIMITED,LIMITED,,,,,,,,,,Configurador,ProdutoGravity,user_limit_type,2,,,Nao,,configurador/prisma/schema.prisma,,
Configurador,AmbienteDeploy,,DEVELOPMENT,DEVELOPMENT,,,,,,,,,,Configurador,Deploy,environment,1,,,Nao,,configurador/prisma/schema.prisma,,
Configurador,AmbienteDeploy,,STAGING,STAGING,,,,,,,,,,Configurador,Deploy,environment,2,,,Nao,,configurador/prisma/schema.prisma,,
Configurador,AmbienteDeploy,,PRODUCTION,PRODUCTION,,,,,,,,,,Configurador,Deploy,environment,3,,,Sim,,configurador/prisma/schema.prisma,,
Configurador,AmbienteDeploy,,ALL,ALL,,,,,,,,,,Configurador,Deploy,environment,4,,,Nao,,configurador/prisma/schema.prisma,,
Configurador,StatusDeploy,,SUCCESS,SUCCESS,,,,,,,,,,Configurador,Deploy,status,1,,,Sim,,configurador/prisma/schema.prisma,,
Configurador,StatusDeploy,,FAILED,FAILED,,,,,,,,,,Configurador,Deploy,status,2,,,Nao,,configurador/prisma/schema.prisma,,
Configurador,StatusDeploy,,ROLLBACK,ROLLBACK,,,,,,,,,,Configurador,Deploy,status,3,,,Nao,,configurador/prisma/schema.prisma,,
Configurador,StatusDeploy,,IN_PROGRESS,IN_PROGRESS,,,,,,,,,,Configurador,Deploy,status,4,,,Nao,,configurador/prisma/schema.prisma,,
Configurador,FaturaStatus,,DRAFT,DRAFT,,,,,,,,,,Configurador,FaturaProdutosGravity,status_fatura_servicos_gravity,1,,,Sim,,configurador/prisma/schema.prisma,,
Configurador,FaturaStatus,,OPEN,OPEN,,,,,,,,,,Configurador,FaturaProdutosGravity,status_fatura_servicos_gravity,2,,,Nao,,configurador/prisma/schema.prisma,,
Configurador,FaturaStatus,,PAID,PAID,,,,,,,,,,Configurador,FaturaProdutosGravity,status_fatura_servicos_gravity,3,,,Nao,,configurador/prisma/schema.prisma,,
Configurador,FaturaStatus,,VOID,VOID,,,,,,,,,,Configurador,FaturaProdutosGravity,status_fatura_servicos_gravity,4,,,Nao,,configurador/prisma/schema.prisma,,
Configurador,FaturaStatus,,OVERDUE,OVERDUE,,,,,,,,,,Configurador,FaturaProdutosGravity,status_fatura_servicos_gravity,5,,,Nao,,configurador/prisma/schema.prisma,,
Configurador,FaturaStatus,,UNCOLLECTIBLE,UNCOLLECTIBLE,,,,,,,,,,Configurador,FaturaProdutosGravity,status_fatura_servicos_gravity,6,,,Nao,,configurador/prisma/schema.prisma,,
Tenant,TokenScope,,READ,READ,,,,,,,,,,api-cockpit,TokenAPI,scope,1,,,Sim,,servicos-global/tenant/api-cockpit/prisma/fragment.prisma,,
Tenant,TokenScope,,WRITE,WRITE,,,,,,,,,,api-cockpit,TokenAPI,scope,2,,,Nao,,servicos-global/tenant/api-cockpit/prisma/fragment.prisma,,
Tenant,TokenScope,,DELETE,DELETE,,,,,,,,,,api-cockpit,TokenAPI,scope,3,,,Nao,,servicos-global/tenant/api-cockpit/prisma/fragment.prisma,,
Tenant,TokenExpiration,,NEVER,NEVER,,,,,,,,,,api-cockpit,TokenAPI,expiration,1,,,Sim,,servicos-global/tenant/api-cockpit/prisma/fragment.prisma,,
Tenant,TokenExpiration,,DAYS_30,DAYS_30,,,,,,,,,,api-cockpit,TokenAPI,expiration,2,,,Nao,,servicos-global/tenant/api-cockpit/prisma/fragment.prisma,,
Tenant,TokenExpiration,,DAYS_90,DAYS_90,,,,,,,,,,api-cockpit,TokenAPI,expiration,3,,,Nao,,servicos-global/tenant/api-cockpit/prisma/fragment.prisma,,
Tenant,TokenExpiration,,CUSTOM,CUSTOM,,,,,,,,,,api-cockpit,TokenAPI,expiration,4,,,Nao,,servicos-global/tenant/api-cockpit/prisma/fragment.prisma,,
Tenant,ModoDashboard,,PRODUCT,PRODUCT,,,,,,,,,,dashboard,DashboardConfiguracao,mode,1,,,Sim,,servicos-global/tenant/dashboard/prisma/fragment.prisma,,
Tenant,ModoDashboard,,GENERAL,GENERAL,,,,,,,,,,dashboard,DashboardConfiguracao,mode,2,,,Nao,,servicos-global/tenant/dashboard/prisma/fragment.prisma,,
Tenant,TipoWidget,,CATALOG,CATALOG,,,,,,,,,,dashboard,DashboardCriar,widget_type,1,,,Sim,,servicos-global/tenant/dashboard/prisma/fragment.prisma,,
Tenant,TipoWidget,,CUSTOM,CUSTOM,,,,,,,,,,dashboard,DashboardCriar,widget_type,2,,,Nao,,servicos-global/tenant/dashboard/prisma/fragment.prisma,,
Tenant,TipoWidget,,GABI,GABI,,,,,,,,,,dashboard,DashboardCriar,widget_type,3,,,Nao,,servicos-global/tenant/dashboard/prisma/fragment.prisma,,
Tenant,TipoGrafico,,KPI_CARD,KPI_CARD,,,,,,,,,,dashboard,DashboardCriar,chart_type,1,,,Sim,,servicos-global/tenant/dashboard/prisma/fragment.prisma,,
Tenant,TipoGrafico,,LINE,LINE,,,,,,,,,,dashboard,DashboardCriar,chart_type,2,,,Nao,,servicos-global/tenant/dashboard/prisma/fragment.prisma,,
Tenant,TipoGrafico,,BAR,BAR,,,,,,,,,,dashboard,DashboardCriar,chart_type,3,,,Nao,,servicos-global/tenant/dashboard/prisma/fragment.prisma,,
Tenant,TipoGrafico,,BAR_HORIZONTAL,BAR_HORIZONTAL,,,,,,,,,,dashboard,DashboardCriar,chart_type,4,,,Nao,,servicos-global/tenant/dashboard/prisma/fragment.prisma,,
Tenant,TipoGrafico,,DONUT,DONUT,,,,,,,,,,dashboard,DashboardCriar,chart_type,5,,,Nao,,servicos-global/tenant/dashboard/prisma/fragment.prisma,,
Tenant,TipoGrafico,,HISTOGRAM,HISTOGRAM,,,,,,,,,,dashboard,DashboardCriar,chart_type,6,,,Nao,,servicos-global/tenant/dashboard/prisma/fragment.prisma,,
Tenant,TipoGrafico,,FUNNEL,FUNNEL,,,,,,,,,,dashboard,DashboardCriar,chart_type,7,,,Nao,,servicos-global/tenant/dashboard/prisma/fragment.prisma,,
Tenant,TipoGrafico,,GAUGE,GAUGE,,,,,,,,,,dashboard,DashboardCriar,chart_type,8,,,Nao,,servicos-global/tenant/dashboard/prisma/fragment.prisma,,
Tenant,TipoGrafico,,MAP,MAP,,,,,,,,,,dashboard,DashboardCriar,chart_type,9,,,Nao,,servicos-global/tenant/dashboard/prisma/fragment.prisma,,
Tenant,TipoGrafico,,TABLE,TABLE,,,,,,,,,,dashboard,DashboardCriar,chart_type,10,,,Nao,,servicos-global/tenant/dashboard/prisma/fragment.prisma,,
Tenant,TipoGrafico,,AREA,AREA,,,,,,,,,,dashboard,DashboardCriar,chart_type,11,,,Nao,,servicos-global/tenant/dashboard/prisma/fragment.prisma,,
Tenant,StatusEmail,,PENDENTE,PENDENTE,,,,,,,,,,email,EmailRegistroEnvio | EmailFilaEnvio,status,1,,,Sim,,servicos-global/tenant/email/prisma/fragment.prisma,,
Tenant,StatusEmail,,PROCESSANDO,PROCESSANDO,,,,,,,,,,email,EmailRegistroEnvio | EmailFilaEnvio,status,2,,,Nao,,servicos-global/tenant/email/prisma/fragment.prisma,,
Tenant,StatusEmail,,ENVIADO,ENVIADO,,,,,,,,,,email,EmailRegistroEnvio | EmailFilaEnvio,status,3,,,Nao,,servicos-global/tenant/email/prisma/fragment.prisma,,
Tenant,StatusEmail,,FALHOU,FALHOU,,,,,,,,,,email,EmailRegistroEnvio | EmailFilaEnvio,status,4,,,Nao,,servicos-global/tenant/email/prisma/fragment.prisma,,
Tenant,StatusEmail,,CANCELADO,CANCELADO,,,,,,,,,,email,EmailRegistroEnvio | EmailFilaEnvio,status,5,,,Nao,,servicos-global/tenant/email/prisma/fragment.prisma,,
Tenant,DirecaoEmail,,INBOUND,INBOUND,,,,,,,,,,email,EmailMensagem,direction,1,,,Nao,,servicos-global/tenant/email/prisma/fragment.prisma,,
Tenant,DirecaoEmail,,OUTBOUND,OUTBOUND,,,,,,,,,,email,EmailMensagem,direction,2,,,Sim,,servicos-global/tenant/email/prisma/fragment.prisma,,
Tenant,StatusThreadEmail,,ABERTA,ABERTA,,,,,,,,,,email,EmailAssuntosParticipantes,status,1,,,Sim,,servicos-global/tenant/email/prisma/fragment.prisma,,
Tenant,StatusThreadEmail,,ARQUIVADA,ARQUIVADA,,,,,,,,,,email,EmailAssuntosParticipantes,status,2,,,Nao,,servicos-global/tenant/email/prisma/fragment.prisma,,
Tenant,StatusThreadEmail,,RESOLVIDA,RESOLVIDA,,,,,,,,,,email,EmailAssuntosParticipantes,status,3,,,Nao,,servicos-global/tenant/email/prisma/fragment.prisma,,
Tenant,NivelSentimentoEmail,,MUITO_POSITIVO,MUITO_POSITIVO,,,,,,,,,,email,EmailAssuntosParticipantes,sentiment_label,1,,,Nao,,servicos-global/tenant/email/prisma/fragment.prisma,,
Tenant,NivelSentimentoEmail,,POSITIVO,POSITIVO,,,,,,,,,,email,EmailAssuntosParticipantes,sentiment_label,2,,,Nao,,servicos-global/tenant/email/prisma/fragment.prisma,,
Tenant,NivelSentimentoEmail,,NEUTRO,NEUTRO,,,,,,,,,,email,EmailAssuntosParticipantes,sentiment_label,3,,,Sim,,servicos-global/tenant/email/prisma/fragment.prisma,,
Tenant,NivelSentimentoEmail,,NEGATIVO,NEGATIVO,,,,,,,,,,email,EmailAssuntosParticipantes,sentiment_label,4,,,Nao,,servicos-global/tenant/email/prisma/fragment.prisma,,
Tenant,NivelSentimentoEmail,,MUITO_NEGATIVO,MUITO_NEGATIVO,,,,,,,,,,email,EmailAssuntosParticipantes,sentiment_label,5,,,Nao,,servicos-global/tenant/email/prisma/fragment.prisma,,
Tenant,FilaEmailPrioridade,,BAIXA,BAIXA,,,,,,,,,,email,EmailFilaEnvio,prioridade,1,,,Nao,,servicos-global/tenant/email/prisma/fragment.prisma,,
Tenant,FilaEmailPrioridade,,NORMAL,NORMAL,,,,,,,,,,email,EmailFilaEnvio,prioridade,2,,,Sim,,servicos-global/tenant/email/prisma/fragment.prisma,,
Tenant,FilaEmailPrioridade,,ALTA,ALTA,,,,,,,,,,email,EmailFilaEnvio,prioridade,3,,,Nao,,servicos-global/tenant/email/prisma/fragment.prisma,,
Tenant,FilaEmailPrioridade,,URGENTE,URGENTE,,,,,,,,,,email,EmailFilaEnvio,prioridade,4,,,Nao,,servicos-global/tenant/email/prisma/fragment.prisma,,
Tenant,TipoAtor,,USER,USER,,,,,,,,,,historico-global,HistoricoLog | AlertRule | AlertEvent,actor_type,1,,,Nao,,servicos-global/tenant/historico-global/prisma/fragment.prisma,,
Tenant,TipoAtor,,API,API,,,,,,,,,,historico-global,HistoricoLog | AlertRule | AlertEvent,actor_type,2,,,Nao,,servicos-global/tenant/historico-global/prisma/fragment.prisma,,
Tenant,TipoAtor,,AI,AI,,,,,,,,,,historico-global,HistoricoLog | AlertRule | AlertEvent,actor_type,3,,,Nao,,servicos-global/tenant/historico-global/prisma/fragment.prisma,,
Tenant,TipoAtor,,JOB,JOB,,,,,,,,,,historico-global,HistoricoLog | AlertRule | AlertEvent,actor_type,4,,,Nao,,servicos-global/tenant/historico-global/prisma/fragment.prisma,,
Tenant,TipoAtor,,INTEGRATION,INTEGRATION,,,,,,,,,,historico-global,HistoricoLog | AlertRule | AlertEvent,actor_type,5,,,Nao,,servicos-global/tenant/historico-global/prisma/fragment.prisma,,
Tenant,StatusEvento,,SUCCESS,SUCCESS,,,,,,,,,,historico-global,HistoricoLog | AlertRule,status | status_filter,1,,,Sim,,servicos-global/tenant/historico-global/prisma/fragment.prisma,,
Tenant,StatusEvento,,FAILURE,FAILURE,,,,,,,,,,historico-global,HistoricoLog | AlertRule,status | status_filter,2,,,Nao,,servicos-global/tenant/historico-global/prisma/fragment.prisma,,
Tenant,StatusEvento,,PARTIAL,PARTIAL,,,,,,,,,,historico-global,HistoricoLog | AlertRule,status | status_filter,3,,,Nao,,servicos-global/tenant/historico-global/prisma/fragment.prisma,,
Tenant,StatusAlerta,,PENDING,PENDING,,,,,,,,,,historico-global,AlertEvent,status,1,,,Sim,,servicos-global/tenant/historico-global/prisma/fragment.prisma,,
Tenant,StatusAlerta,,REVIEWED,REVIEWED,,,,,,,,,,historico-global,AlertEvent,status,2,,,Nao,,servicos-global/tenant/historico-global/prisma/fragment.prisma,,
Tenant,StatusAlerta,,ESCALATED,ESCALATED,,,,,,,,,,historico-global,AlertEvent,status,3,,,Nao,,servicos-global/tenant/historico-global/prisma/fragment.prisma,,
Tenant,StatusNcmSync,,RUNNING,RUNNING,,,,,,,,,,ncm-sync,NcmSyncLog,status,1,,,Sim,,servicos-global/tenant/ncm-sync/prisma/fragment.prisma,,
Tenant,StatusNcmSync,,SUCCESS,SUCCESS,,,,,,,,,,ncm-sync,NcmSyncLog,status,2,,,Nao,,servicos-global/tenant/ncm-sync/prisma/fragment.prisma,,
Tenant,StatusNcmSync,,ERROR,ERROR,,,,,,,,,,ncm-sync,NcmSyncLog,status,3,,,Nao,,servicos-global/tenant/ncm-sync/prisma/fragment.prisma,,
Tenant,NcmSyncOrigem,,JOB,JOB,,,,,,,,,,ncm-sync,NcmSyncLog,origem,1,,,Sim,,servicos-global/tenant/ncm-sync/prisma/fragment.prisma,,
Tenant,NcmSyncOrigem,,MANUAL,MANUAL,,,,,,,,,,ncm-sync,NcmSyncLog,origem,2,,,Nao,,servicos-global/tenant/ncm-sync/prisma/fragment.prisma,,
Produto - Helpdesk (template),HelpdeskTicketStatus,,OPEN,OPEN,,,,,,,,,,helpdesk,HelpdeskTicket,status,1,,,Sim,,servicos-global/produto/helpdesk/prisma/fragment.prisma,,
Produto - Helpdesk (template),HelpdeskTicketStatus,,IN_PROGRESS,IN_PROGRESS,,,,,,,,,,helpdesk,HelpdeskTicket,status,2,,,Nao,,servicos-global/produto/helpdesk/prisma/fragment.prisma,,
Produto - Helpdesk (template),HelpdeskTicketStatus,,WAITING_ON_CUSTOMER,WAITING_ON_CUSTOMER,,,,,,,,,,helpdesk,HelpdeskTicket,status,3,,,Nao,,servicos-global/produto/helpdesk/prisma/fragment.prisma,,
Produto - Helpdesk (template),HelpdeskTicketStatus,,RESOLVED,RESOLVED,,,,,,,,,,helpdesk,HelpdeskTicket,status,4,,,Nao,,servicos-global/produto/helpdesk/prisma/fragment.prisma,,
Produto - Helpdesk (template),HelpdeskTicketStatus,,CLOSED,CLOSED,,,,,,,,,,helpdesk,HelpdeskTicket,status,5,,,Nao,,servicos-global/produto/helpdesk/prisma/fragment.prisma,,
Produto - Helpdesk (template),HelpdeskTicketPriority,,LOW,LOW,,,,,,,,,,helpdesk,HelpdeskSLA | HelpdeskTicket,priority,1,,,Nao,,servicos-global/produto/helpdesk/prisma/fragment.prisma,,
Produto - Helpdesk (template),HelpdeskTicketPriority,,MEDIUM,MEDIUM,,,,,,,,,,helpdesk,HelpdeskSLA | HelpdeskTicket,priority,2,,,Sim,,servicos-global/produto/helpdesk/prisma/fragment.prisma,,
Produto - Helpdesk (template),HelpdeskTicketPriority,,HIGH,HIGH,,,,,,,,,,helpdesk,HelpdeskSLA | HelpdeskTicket,priority,3,,,Nao,,servicos-global/produto/helpdesk/prisma/fragment.prisma,,
Produto - Helpdesk (template),HelpdeskTicketPriority,,URGENT,URGENT,,,,,,,,,,helpdesk,HelpdeskSLA | HelpdeskTicket,priority,4,,,Nao,,servicos-global/produto/helpdesk/prisma/fragment.prisma,,
Produto - bid-cambio,TipoOperacaoCambio,,IMPORTACAO,IMPORTACAO,,,,,,,,,,bid-cambio,CotacaoCambio,tipo_operacao,1,,,Sim,,produto/bid-cambio/server/prisma/fragment.prisma,,
Produto - bid-cambio,TipoOperacaoCambio,,EXPORTACAO,EXPORTACAO,,,,,,,,,,bid-cambio,CotacaoCambio,tipo_operacao,2,,,Nao,,produto/bid-cambio/server/prisma/fragment.prisma,,
Produto - bid-cambio,ModalidadeCambio,,PRONTO,PRONTO,,,,,,,,,,bid-cambio,CotacaoCambio,modalidade,1,,,Sim,,produto/bid-cambio/server/prisma/fragment.prisma,,
Produto - bid-cambio,ModalidadeCambio,,FUTURO,FUTURO,,,,,,,,,,bid-cambio,CotacaoCambio,modalidade,2,,,Nao,,produto/bid-cambio/server/prisma/fragment.prisma,,
Produto - bid-cambio,LiquidacaoCambio,,D0,D0,,,,,,,,,,bid-cambio,CotacaoCambio | BidResponseCambio,liquidacao | liquidacao_proposta,1,,,Nao,,produto/bid-cambio/server/prisma/fragment.prisma,,
Produto - bid-cambio,LiquidacaoCambio,,D1,D1,,,,,,,,,,bid-cambio,CotacaoCambio | BidResponseCambio,liquidacao | liquidacao_proposta,2,,,Nao,,produto/bid-cambio/server/prisma/fragment.prisma,,
Produto - bid-cambio,LiquidacaoCambio,,D2,D2,,,,,,,,,,bid-cambio,CotacaoCambio | BidResponseCambio,liquidacao | liquidacao_proposta,3,,,Sim,,produto/bid-cambio/server/prisma/fragment.prisma,,
Produto - bid-cambio,MoedaCambio,,USD,USD,,,,,,,,,,bid-cambio,ParcelaCambio | CotacaoCambio | SavingCambio,moeda,1,,,Sim,,produto/bid-cambio/server/prisma/fragment.prisma,,
Produto - bid-cambio,MoedaCambio,,EUR,EUR,,,,,,,,,,bid-cambio,ParcelaCambio | CotacaoCambio | SavingCambio,moeda,2,,,Nao,,produto/bid-cambio/server/prisma/fragment.prisma,,
Produto - bid-cambio,MoedaCambio,,GBP,GBP,,,,,,,,,,bid-cambio,ParcelaCambio | CotacaoCambio | SavingCambio,moeda,3,,,Nao,,produto/bid-cambio/server/prisma/fragment.prisma,,
Produto - bid-cambio,MoedaCambio,,CHF,CHF,,,,,,,,,,bid-cambio,ParcelaCambio | CotacaoCambio | SavingCambio,moeda,4,,,Nao,,produto/bid-cambio/server/prisma/fragment.prisma,,
Produto - bid-cambio,MoedaCambio,,BRL,BRL,,,,,,,,,,bid-cambio,ParcelaCambio | CotacaoCambio | SavingCambio,moeda,5,,,Nao,,produto/bid-cambio/server/prisma/fragment.prisma,,
Produto - bid-cambio,MoedaCambio,,CNY,CNY,,,,,,,,,,bid-cambio,ParcelaCambio | CotacaoCambio | SavingCambio,moeda,6,,,Nao,,produto/bid-cambio/server/prisma/fragment.prisma,,
Produto - bid-cambio,MoedaCambio,,JPY,JPY,,,,,,,,,,bid-cambio,ParcelaCambio | CotacaoCambio | SavingCambio,moeda,7,,,Nao,,produto/bid-cambio/server/prisma/fragment.prisma,,
Produto - bid-cambio,StatusParcela,,PENDENTE,PENDENTE,,,,,,,,,,bid-cambio,ParcelaCambio,status,1,,,Sim,,produto/bid-cambio/server/prisma/fragment.prisma,,
Produto - bid-cambio,StatusParcela,,AGENDADO,AGENDADO,,,,,,,,,,bid-cambio,ParcelaCambio,status,2,,,Nao,,produto/bid-cambio/server/prisma/fragment.prisma,,
Produto - bid-cambio,StatusParcela,,PAGO,PAGO,,,,,,,,,,bid-cambio,ParcelaCambio,status,3,,,Nao,,produto/bid-cambio/server/prisma/fragment.prisma,,
Produto - bid-cambio,StatusCotacaoCambio,,RASCUNHO,RASCUNHO,,,,,,,,,,bid-cambio,CotacaoCambio,status,1,,,Sim,,produto/bid-cambio/server/prisma/fragment.prisma,,
Produto - bid-cambio,StatusCotacaoCambio,,ENVIADA_CORRETORAS,ENVIADA_CORRETORAS,,,,,,,,,,bid-cambio,CotacaoCambio,status,2,,,Nao,,produto/bid-cambio/server/prisma/fragment.prisma,,
Produto - bid-cambio,StatusCotacaoCambio,,EM_COTACAO,EM_COTACAO,,,,,,,,,,bid-cambio,CotacaoCambio,status,3,,,Nao,,produto/bid-cambio/server/prisma/fragment.prisma,,
Produto - bid-cambio,StatusCotacaoCambio,,AGUARDANDO_APROVACAO,AGUARDANDO_APROVACAO,,,,,,,,,,bid-cambio,CotacaoCambio,status,4,,,Nao,,produto/bid-cambio/server/prisma/fragment.prisma,,
Produto - bid-cambio,StatusCotacaoCambio,,APROVADA,APROVADA,,,,,,,,,,bid-cambio,CotacaoCambio,status,5,,,Nao,,produto/bid-cambio/server/prisma/fragment.prisma,,
Produto - bid-cambio,StatusCotacaoCambio,,REPROVADA,REPROVADA,,,,,,,,,,bid-cambio,CotacaoCambio,status,6,,,Nao,,produto/bid-cambio/server/prisma/fragment.prisma,,
Produto - bid-cambio,StatusCotacaoCambio,,CANCELADA,CANCELADA,,,,,,,,,,bid-cambio,CotacaoCambio,status,7,,,Nao,,produto/bid-cambio/server/prisma/fragment.prisma,,
Produto - bid-cambio,StatusCotacaoCambio,,EXPIRADA,EXPIRADA,,,,,,,,,,bid-cambio,CotacaoCambio,status,8,,,Nao,,produto/bid-cambio/server/prisma/fragment.prisma,,
Produto - bid-cambio,CanalDisparoCambio,,EMAIL,EMAIL,,,,,,,,,,bid-cambio,BidRequestCambio,canal,1,,,Sim,,produto/bid-cambio/server/prisma/fragment.prisma,,
Produto - bid-cambio,CanalDisparoCambio,,PORTAL,PORTAL,,,,,,,,,,bid-cambio,BidRequestCambio,canal,2,,,Nao,,produto/bid-cambio/server/prisma/fragment.prisma,,
Produto - bid-cambio,StatusBidRequestCambio,,PENDENTE,PENDENTE,,,,,,,,,,bid-cambio,BidRequestCambio,status,1,,,Sim,,produto/bid-cambio/server/prisma/fragment.prisma,,
Produto - bid-cambio,StatusBidRequestCambio,,ENVIADO,ENVIADO,,,,,,,,,,bid-cambio,BidRequestCambio,status,2,,,Nao,,produto/bid-cambio/server/prisma/fragment.prisma,,
Produto - bid-cambio,StatusBidRequestCambio,,VISUALIZADO,VISUALIZADO,,,,,,,,,,bid-cambio,BidRequestCambio,status,3,,,Nao,,produto/bid-cambio/server/prisma/fragment.prisma,,
Produto - bid-cambio,StatusBidRequestCambio,,RESPONDIDO,RESPONDIDO,,,,,,,,,,bid-cambio,BidRequestCambio,status,4,,,Nao,,produto/bid-cambio/server/prisma/fragment.prisma,,
Produto - bid-cambio,StatusBidRequestCambio,,EXPIRADO,EXPIRADO,,,,,,,,,,bid-cambio,BidRequestCambio,status,5,,,Nao,,produto/bid-cambio/server/prisma/fragment.prisma,,
Produto - bid-cambio,StatusBidRequestCambio,,ERRO_ENVIO,ERRO_ENVIO,,,,,,,,,,bid-cambio,BidRequestCambio,status,6,,,Nao,,produto/bid-cambio/server/prisma/fragment.prisma,,
Produto - bid-cambio,StatusBidResponseCambio,,RECEBIDA,RECEBIDA,,,,,,,,,,bid-cambio,BidResponseCambio,status,1,,,Sim,,produto/bid-cambio/server/prisma/fragment.prisma,,
Produto - bid-cambio,StatusBidResponseCambio,,EM_ANALISE,EM_ANALISE,,,,,,,,,,bid-cambio,BidResponseCambio,status,2,,,Nao,,produto/bid-cambio/server/prisma/fragment.prisma,,
Produto - bid-cambio,StatusBidResponseCambio,,MELHOR_TAXA,MELHOR_TAXA,,,,,,,,,,bid-cambio,BidResponseCambio,status,3,,,Nao,,produto/bid-cambio/server/prisma/fragment.prisma,,
Produto - bid-cambio,StatusBidResponseCambio,,MELHOR_SPREAD,MELHOR_SPREAD,,,,,,,,,,bid-cambio,BidResponseCambio,status,4,,,Nao,,produto/bid-cambio/server/prisma/fragment.prisma,,
Produto - bid-cambio,StatusBidResponseCambio,,MELHOR_AVALIACAO,MELHOR_AVALIACAO,,,,,,,,,,bid-cambio,BidResponseCambio,status,5,,,Nao,,produto/bid-cambio/server/prisma/fragment.prisma,,
Produto - bid-cambio,StatusBidResponseCambio,,APROVADA,APROVADA,,,,,,,,,,bid-cambio,BidResponseCambio,status,6,,,Nao,,produto/bid-cambio/server/prisma/fragment.prisma,,
Produto - bid-cambio,StatusBidResponseCambio,,REPROVADA,REPROVADA,,,,,,,,,,bid-cambio,BidResponseCambio,status,7,,,Nao,,produto/bid-cambio/server/prisma/fragment.prisma,,
Produto - bid-cambio,TipoCorretora,,CORRETORA_CAMBIO,CORRETORA_CAMBIO,,,,,,,,,,bid-cambio,Corretora,tipo,1,,,Sim,,produto/bid-cambio/server/prisma/fragment.prisma,,
Produto - bid-cambio,TipoCorretora,,BANCO_COMERCIAL,BANCO_COMERCIAL,,,,,,,,,,bid-cambio,Corretora,tipo,2,,,Nao,,produto/bid-cambio/server/prisma/fragment.prisma,,
Produto - bid-cambio,TipoCorretora,,BANCO_CAMBIO,BANCO_CAMBIO,,,,,,,,,,bid-cambio,Corretora,tipo,3,,,Nao,,produto/bid-cambio/server/prisma/fragment.prisma,,
Produto - bid-cambio,TipoCorretora,,FINTECH,FINTECH,,,,,,,,,,bid-cambio,Corretora,tipo,4,,,Nao,,produto/bid-cambio/server/prisma/fragment.prisma,,
Produto - bid-cambio,StatusCorretora,,ATIVA,ATIVA,,,,,,,,,,bid-cambio,Corretora,status,1,,,Sim,,produto/bid-cambio/server/prisma/fragment.prisma,,
Produto - bid-cambio,StatusCorretora,,INATIVA,INATIVA,,,,,,,,,,bid-cambio,Corretora,status,2,,,Nao,,produto/bid-cambio/server/prisma/fragment.prisma,,
Produto - bid-cambio,StatusCorretora,,BLOQUEADA,BLOQUEADA,,,,,,,,,,bid-cambio,Corretora,status,3,,,Nao,,produto/bid-cambio/server/prisma/fragment.prisma,,
Produto - bid-cambio,MetodoVencimento,,DATA_EMBARQUE,DATA_EMBARQUE,,,,,,,,,,bid-cambio,ParcelaCambio | ConfigParcelaCambio,metodo_vencimento | a_partir_de,1,,,Nao,,produto/bid-cambio/server/prisma/fragment.prisma,,
Produto - bid-cambio,MetodoVencimento,,DATA_CHEGADA,DATA_CHEGADA,,,,,,,,,,bid-cambio,ParcelaCambio | ConfigParcelaCambio,metodo_vencimento | a_partir_de,2,,,Nao,,produto/bid-cambio/server/prisma/fragment.prisma,,
Produto - bid-cambio,MetodoVencimento,,DATA_REGISTRO_DI,DATA_REGISTRO_DI,,,,,,,,,,bid-cambio,ParcelaCambio | ConfigParcelaCambio,metodo_vencimento | a_partir_de,3,,,Nao,,produto/bid-cambio/server/prisma/fragment.prisma,,
Produto - bid-cambio,MetodoVencimento,,DATA_DESEMBARACO,DATA_DESEMBARACO,,,,,,,,,,bid-cambio,ParcelaCambio | ConfigParcelaCambio,metodo_vencimento | a_partir_de,4,,,Nao,,produto/bid-cambio/server/prisma/fragment.prisma,,
Produto - bid-cambio,MetodoVencimento,,DATA_ENTREGA,DATA_ENTREGA,,,,,,,,,,bid-cambio,ParcelaCambio | ConfigParcelaCambio,metodo_vencimento | a_partir_de,5,,,Nao,,produto/bid-cambio/server/prisma/fragment.prisma,,
Produto - bid-cambio,MetodoVencimento,,PRONTIDAO_CARGA,PRONTIDAO_CARGA,,,,,,,,,,bid-cambio,ParcelaCambio | ConfigParcelaCambio,metodo_vencimento | a_partir_de,6,,,Nao,,produto/bid-cambio/server/prisma/fragment.prisma,,
Produto - bid-cambio,MetodoVencimento,,DATA_FIXA,DATA_FIXA,,,,,,,,,,bid-cambio,ParcelaCambio | ConfigParcelaCambio,metodo_vencimento | a_partir_de,7,,,Nao,,produto/bid-cambio/server/prisma/fragment.prisma,,
Produto - bid-frete,TipoOperacao,,IMPORTACAO,IMPORTACAO,,,,,,,,,,bid-frete,Cotacao,tipo_operacao,1,,,Nao,,produto/bid-frete/server/prisma/fragment.prisma,,
Produto - bid-frete,TipoOperacao,,EXPORTACAO,EXPORTACAO,,,,,,,,,,bid-frete,Cotacao,tipo_operacao,2,,,Nao,,produto/bid-frete/server/prisma/fragment.prisma,,
Produto - bid-frete,ModalFrete,,MARITIMO,MARITIMO,,,,,,,,,,bid-frete,Cotacao | TabelaPreco,modal,1,,,Nao,,produto/bid-frete/server/prisma/fragment.prisma,,
Produto - bid-frete,ModalFrete,,AEREO,AEREO,,,,,,,,,,bid-frete,Cotacao | TabelaPreco,modal,2,,,Nao,,produto/bid-frete/server/prisma/fragment.prisma,,
Produto - bid-frete,ModalFrete,,RODOVIARIO,RODOVIARIO,,,,,,,,,,bid-frete,Cotacao | TabelaPreco,modal,3,,,Nao,,produto/bid-frete/server/prisma/fragment.prisma,,
Produto - bid-frete,ModalidadeCarga,,FCL,FCL,,,,,,,,,,bid-frete,Cotacao | TabelaPreco,modalidade,1,,,Nao,,produto/bid-frete/server/prisma/fragment.prisma,,
Produto - bid-frete,ModalidadeCarga,,LCL,LCL,,,,,,,,,,bid-frete,Cotacao | TabelaPreco,modalidade,2,,,Nao,,produto/bid-frete/server/prisma/fragment.prisma,,
Produto - bid-frete,ModalidadeCarga,,AEREO_GERAL,AEREO_GERAL,,,,,,,,,,bid-frete,Cotacao | TabelaPreco,modalidade,3,,,Nao,,produto/bid-frete/server/prisma/fragment.prisma,,
Produto - bid-frete,ModalidadeCarga,,RODOVIARIO_FTL,RODOVIARIO_FTL,,,,,,,,,,bid-frete,Cotacao | TabelaPreco,modalidade,4,,,Nao,,produto/bid-frete/server/prisma/fragment.prisma,,
Produto - bid-frete,ModalidadeCarga,,RODOVIARIO_LTL,RODOVIARIO_LTL,,,,,,,,,,bid-frete,Cotacao | TabelaPreco,modalidade,5,,,Nao,,produto/bid-frete/server/prisma/fragment.prisma,,
Produto - bid-frete,StatusCotacao,,RASCUNHO,RASCUNHO,,,,,,,,,,bid-frete,Cotacao,status,1,,,Sim,,produto/bid-frete/server/prisma/fragment.prisma,,
Produto - bid-frete,StatusCotacao,,ENVIADA_FORNECEDORES,ENVIADA_FORNECEDORES,,,,,,,,,,bid-frete,Cotacao,status,2,,,Nao,,produto/bid-frete/server/prisma/fragment.prisma,,
Produto - bid-frete,StatusCotacao,,EM_COTACAO,EM_COTACAO,,,,,,,,,,bid-frete,Cotacao,status,3,,,Nao,,produto/bid-frete/server/prisma/fragment.prisma,,
Produto - bid-frete,StatusCotacao,,AGUARDANDO_APROVACAO,AGUARDANDO_APROVACAO,,,,,,,,,,bid-frete,Cotacao,status,4,,,Nao,,produto/bid-frete/server/prisma/fragment.prisma,,
Produto - bid-frete,StatusCotacao,,APROVADA,APROVADA,,,,,,,,,,bid-frete,Cotacao,status,5,,,Nao,,produto/bid-frete/server/prisma/fragment.prisma,,
Produto - bid-frete,StatusCotacao,,REPROVADA,REPROVADA,,,,,,,,,,bid-frete,Cotacao,status,6,,,Nao,,produto/bid-frete/server/prisma/fragment.prisma,,
Produto - bid-frete,StatusCotacao,,CANCELADA,CANCELADA,,,,,,,,,,bid-frete,Cotacao,status,7,,,Nao,,produto/bid-frete/server/prisma/fragment.prisma,,
Produto - bid-frete,StatusCotacao,,FALTA_INFORMACAO,FALTA_INFORMACAO,,,,,,,,,,bid-frete,Cotacao,status,8,,,Nao,,produto/bid-frete/server/prisma/fragment.prisma,,
Produto - bid-frete,StatusCotacao,,EXPIRADA,EXPIRADA,,,,,,,,,,bid-frete,Cotacao,status,9,,,Nao,,produto/bid-frete/server/prisma/fragment.prisma,,
Produto - bid-frete,CanalDisparo,,EMAIL,EMAIL,,,,,,,,,,bid-frete,BidRequest,canal,1,,,Sim,,produto/bid-frete/server/prisma/fragment.prisma,,
Produto - bid-frete,CanalDisparo,,WHATSAPP,WHATSAPP,,,,,,,,,,bid-frete,BidRequest,canal,2,,,Nao,,produto/bid-frete/server/prisma/fragment.prisma,,
Produto - bid-frete,CanalDisparo,,API,API,,,,,,,,,,bid-frete,BidRequest,canal,3,,,Nao,,produto/bid-frete/server/prisma/fragment.prisma,,
Produto - bid-frete,CanalDisparo,,PORTAL,PORTAL,,,,,,,,,,bid-frete,BidRequest,canal,4,,,Nao,,produto/bid-frete/server/prisma/fragment.prisma,,
Produto - bid-frete,StatusBidRequest,,PENDENTE,PENDENTE,,,,,,,,,,bid-frete,BidRequest,status,1,,,Sim,,produto/bid-frete/server/prisma/fragment.prisma,,
Produto - bid-frete,StatusBidRequest,,ENVIADO,ENVIADO,,,,,,,,,,bid-frete,BidRequest,status,2,,,Nao,,produto/bid-frete/server/prisma/fragment.prisma,,
Produto - bid-frete,StatusBidRequest,,VISUALIZADO,VISUALIZADO,,,,,,,,,,bid-frete,BidRequest,status,3,,,Nao,,produto/bid-frete/server/prisma/fragment.prisma,,
Produto - bid-frete,StatusBidRequest,,RESPONDIDO,RESPONDIDO,,,,,,,,,,bid-frete,BidRequest,status,4,,,Nao,,produto/bid-frete/server/prisma/fragment.prisma,,
Produto - bid-frete,StatusBidRequest,,EXPIRADO,EXPIRADO,,,,,,,,,,bid-frete,BidRequest,status,5,,,Nao,,produto/bid-frete/server/prisma/fragment.prisma,,
Produto - bid-frete,StatusBidRequest,,ERRO_ENVIO,ERRO_ENVIO,,,,,,,,,,bid-frete,BidRequest,status,6,,,Nao,,produto/bid-frete/server/prisma/fragment.prisma,,
Produto - bid-frete,StatusBidResponse,,RECEBIDA,RECEBIDA,,,,,,,,,,bid-frete,BidResponse,status,1,,,Sim,,produto/bid-frete/server/prisma/fragment.prisma,,
Produto - bid-frete,StatusBidResponse,,EM_ANALISE,EM_ANALISE,,,,,,,,,,bid-frete,BidResponse,status,2,,,Nao,,produto/bid-frete/server/prisma/fragment.prisma,,
Produto - bid-frete,StatusBidResponse,,MELHOR_PRECO,MELHOR_PRECO,,,,,,,,,,bid-frete,BidResponse,status,3,,,Nao,,produto/bid-frete/server/prisma/fragment.prisma,,
Produto - bid-frete,StatusBidResponse,,MELHOR_TRANSIT,MELHOR_TRANSIT,,,,,,,,,,bid-frete,BidResponse,status,4,,,Nao,,produto/bid-frete/server/prisma/fragment.prisma,,
Produto - bid-frete,StatusBidResponse,,MELHOR_AVALIACAO,MELHOR_AVALIACAO,,,,,,,,,,bid-frete,BidResponse,status,5,,,Nao,,produto/bid-frete/server/prisma/fragment.prisma,,
Produto - bid-frete,StatusBidResponse,,APROVADA,APROVADA,,,,,,,,,,bid-frete,BidResponse,status,6,,,Nao,,produto/bid-frete/server/prisma/fragment.prisma,,
Produto - bid-frete,StatusBidResponse,,REPROVADA,REPROVADA,,,,,,,,,,bid-frete,BidResponse,status,7,,,Nao,,produto/bid-frete/server/prisma/fragment.prisma,,
Produto - bid-frete,TipoFornecedor,,AGENTE_CARGA,AGENTE_CARGA,,,,,,,,,,bid-frete,Fornecedor,tipo,1,,,Nao,,produto/bid-frete/server/prisma/fragment.prisma,,
Produto - bid-frete,TipoFornecedor,,ARMADOR,ARMADOR,,,,,,,,,,bid-frete,Fornecedor,tipo,2,,,Nao,,produto/bid-frete/server/prisma/fragment.prisma,,
Produto - bid-frete,TipoFornecedor,,CIA_AEREA,CIA_AEREA,,,,,,,,,,bid-frete,Fornecedor,tipo,3,,,Nao,,produto/bid-frete/server/prisma/fragment.prisma,,
Produto - bid-frete,TipoFornecedor,,TRANSPORTADORA,TRANSPORTADORA,,,,,,,,,,bid-frete,Fornecedor,tipo,4,,,Nao,,produto/bid-frete/server/prisma/fragment.prisma,,
Produto - bid-frete,StatusFornecedor,,ATIVO,ATIVO,,,,,,,,,,bid-frete,Fornecedor,status,1,,,Sim,,produto/bid-frete/server/prisma/fragment.prisma,,
Produto - bid-frete,StatusFornecedor,,INATIVO,INATIVO,,,,,,,,,,bid-frete,Fornecedor,status,2,,,Nao,,produto/bid-frete/server/prisma/fragment.prisma,,
Produto - bid-frete,StatusFornecedor,,PENDENTE_APROVACAO,PENDENTE_APROVACAO,,,,,,,,,,bid-frete,Fornecedor,status,3,,,Nao,,produto/bid-frete/server/prisma/fragment.prisma,,
Produto - bid-frete,StatusFornecedor,,BLOQUEADO,BLOQUEADO,,,,,,,,,,bid-frete,Fornecedor,status,4,,,Nao,,produto/bid-frete/server/prisma/fragment.prisma,,
Produto - bid-frete,VisibilidadeCotacao,,DIRECIONADA,DIRECIONADA,,,,,,,,,,bid-frete,Cotacao,visibilidade,1,,,Sim,,produto/bid-frete/server/prisma/fragment.prisma,,
Produto - bid-frete,VisibilidadeCotacao,,ABERTA,ABERTA,,,,,,,,,,bid-frete,Cotacao,visibilidade,2,,,Nao,,produto/bid-frete/server/prisma/fragment.prisma,,
Produto - bid-frete,TipoConector,,API_REST,API_REST,,,,,,,,,,bid-frete,ConnectorConfig,tipo,1,,,Nao,,produto/bid-frete/server/prisma/fragment.prisma,,
Produto - bid-frete,TipoConector,,API_SOAP,API_SOAP,,,,,,,,,,bid-frete,ConnectorConfig,tipo,2,,,Nao,,produto/bid-frete/server/prisma/fragment.prisma,,
Produto - bid-frete,TipoConector,,ODATA,ODATA,,,,,,,,,,bid-frete,ConnectorConfig,tipo,3,,,Nao,,produto/bid-frete/server/prisma/fragment.prisma,,
Produto - bid-frete,TipoConector,,MANUAL,MANUAL,,,,,,,,,,bid-frete,ConnectorConfig,tipo,4,,,Nao,,produto/bid-frete/server/prisma/fragment.prisma,,
Produto - financeiro-comex,TipoOperacaoFinanceiro,,IMPORTACAO,IMPORTACAO,,,,,,,,,,financeiro-comex,FinanceiroProcesso | FinanceiroCategorias,tipo_operacao,1,,,Nao,,produto/financeiro-comex/server/prisma/fragment.prisma,,
Produto - financeiro-comex,TipoOperacaoFinanceiro,,EXPORTACAO,EXPORTACAO,,,,,,,,,,financeiro-comex,FinanceiroProcesso | FinanceiroCategorias,tipo_operacao,2,,,Nao,,produto/financeiro-comex/server/prisma/fragment.prisma,,
Produto - financeiro-comex,MoedaFinanceiro,,BRL,BRL,,,,,,,,,,financeiro-comex,FinanceiroLancamento | FinanceiroNumerarioDespesa,moeda,1,,,Nao,,produto/financeiro-comex/server/prisma/fragment.prisma,,
Produto - financeiro-comex,MoedaFinanceiro,,USD,USD,,,,,,,,,,financeiro-comex,FinanceiroLancamento | FinanceiroNumerarioDespesa,moeda,2,,,Nao,,produto/financeiro-comex/server/prisma/fragment.prisma,,
Produto - financeiro-comex,MoedaFinanceiro,,EUR,EUR,,,,,,,,,,financeiro-comex,FinanceiroLancamento | FinanceiroNumerarioDespesa,moeda,3,,,Nao,,produto/financeiro-comex/server/prisma/fragment.prisma,,
Produto - financeiro-comex,MoedaFinanceiro,,GBP,GBP,,,,,,,,,,financeiro-comex,FinanceiroLancamento | FinanceiroNumerarioDespesa,moeda,4,,,Nao,,produto/financeiro-comex/server/prisma/fragment.prisma,,
Produto - financeiro-comex,MoedaFinanceiro,,CHF,CHF,,,,,,,,,,financeiro-comex,FinanceiroLancamento | FinanceiroNumerarioDespesa,moeda,5,,,Nao,,produto/financeiro-comex/server/prisma/fragment.prisma,,
Produto - financeiro-comex,MoedaFinanceiro,,CNY,CNY,,,,,,,,,,financeiro-comex,FinanceiroLancamento | FinanceiroNumerarioDespesa,moeda,6,,,Nao,,produto/financeiro-comex/server/prisma/fragment.prisma,,
Produto - financeiro-comex,MoedaFinanceiro,,ARS,ARS,,,,,,,,,,financeiro-comex,FinanceiroLancamento | FinanceiroNumerarioDespesa,moeda,7,,,Nao,,produto/financeiro-comex/server/prisma/fragment.prisma,,
Produto - financeiro-comex,MoedaFinanceiro,,UYU,UYU,,,,,,,,,,financeiro-comex,FinanceiroLancamento | FinanceiroNumerarioDespesa,moeda,8,,,Nao,,produto/financeiro-comex/server/prisma/fragment.prisma,,
Produto - financeiro-comex,StatusPagamento,,PENDENTE,PENDENTE,,,,,,,,,,financeiro-comex,FinanceiroLancamento,status_pagamento,1,,,Sim,,produto/financeiro-comex/server/prisma/fragment.prisma,,
Produto - financeiro-comex,StatusPagamento,,AGENDADO,AGENDADO,,,,,,,,,,financeiro-comex,FinanceiroLancamento,status_pagamento,2,,,Nao,,produto/financeiro-comex/server/prisma/fragment.prisma,,
Produto - financeiro-comex,StatusPagamento,,PAGO,PAGO,,,,,,,,,,financeiro-comex,FinanceiroLancamento,status_pagamento,3,,,Nao,,produto/financeiro-comex/server/prisma/fragment.prisma,,
Produto - financeiro-comex,CanalEntradaFinanceiro,,MANUAL,MANUAL,,,,,,,,,,financeiro-comex,FinanceiroLancamento,canal_entrada,1,,,Sim,,produto/financeiro-comex/server/prisma/fragment.prisma,,
Produto - financeiro-comex,CanalEntradaFinanceiro,,XML_DUIMP,XML_DUIMP,,,,,,,,,,financeiro-comex,FinanceiroLancamento,canal_entrada,2,,,Nao,,produto/financeiro-comex/server/prisma/fragment.prisma,,
Produto - financeiro-comex,CanalEntradaFinanceiro,,PORTAL_UNICO,PORTAL_UNICO,,,,,,,,,,financeiro-comex,FinanceiroLancamento,canal_entrada,3,,,Nao,,produto/financeiro-comex/server/prisma/fragment.prisma,,
Produto - financeiro-comex,CanalEntradaFinanceiro,,SMART_READ,SMART_READ,,,,,,,,,,financeiro-comex,FinanceiroLancamento,canal_entrada,4,,,Nao,,produto/financeiro-comex/server/prisma/fragment.prisma,,
Produto - financeiro-comex,CanalEntradaFinanceiro,,PLANILHA,PLANILHA,,,,,,,,,,financeiro-comex,FinanceiroLancamento,canal_entrada,5,,,Nao,,produto/financeiro-comex/server/prisma/fragment.prisma,,
Produto - financeiro-comex,CanalEntradaFinanceiro,,EMAIL,EMAIL,,,,,,,,,,financeiro-comex,FinanceiroLancamento,canal_entrada,6,,,Nao,,produto/financeiro-comex/server/prisma/fragment.prisma,,
Produto - financeiro-comex,TipoDocumentoFinanceiro,,BOLETO,BOLETO,,,,,,,,,,financeiro-comex,FinanceiroLancamento,tipo_documento,1,,,Nao,,produto/financeiro-comex/server/prisma/fragment.prisma,,
Produto - financeiro-comex,TipoDocumentoFinanceiro,,NOTA_FISCAL,NOTA_FISCAL,,,,,,,,,,financeiro-comex,FinanceiroLancamento,tipo_documento,2,,,Nao,,produto/financeiro-comex/server/prisma/fragment.prisma,,
Produto - financeiro-comex,TipoDocumentoFinanceiro,,DEMONSTRATIVO,DEMONSTRATIVO,,,,,,,,,,financeiro-comex,FinanceiroLancamento,tipo_documento,3,,,Nao,,produto/financeiro-comex/server/prisma/fragment.prisma,,
Produto - financeiro-comex,TipoDocumentoFinanceiro,,FATURA,FATURA,,,,,,,,,,financeiro-comex,FinanceiroLancamento,tipo_documento,4,,,Nao,,produto/financeiro-comex/server/prisma/fragment.prisma,,
Produto - financeiro-comex,TipoDocumentoFinanceiro,,FATURAMENTO,FATURAMENTO,,,,,,,,,,financeiro-comex,FinanceiroLancamento,tipo_documento,5,,,Nao,,produto/financeiro-comex/server/prisma/fragment.prisma,,
Produto - financeiro-comex,TipoDocumentoFinanceiro,,OUTRO,OUTRO,,,,,,,,,,financeiro-comex,FinanceiroLancamento,tipo_documento,6,,,Nao,,produto/financeiro-comex/server/prisma/fragment.prisma,,
Produto - financeiro-comex,TipoFornecedorFinanceiro,,AGENTE_DE_CARGA,AGENTE_DE_CARGA,,,,,,,,,,financeiro-comex,FinanceiroLancamento,tipo_fornecedor,1,,,Nao,,produto/financeiro-comex/server/prisma/fragment.prisma,,
Produto - financeiro-comex,TipoFornecedorFinanceiro,,ARMADOR,ARMADOR,,,,,,,,,,financeiro-comex,FinanceiroLancamento,tipo_fornecedor,2,,,Nao,,produto/financeiro-comex/server/prisma/fragment.prisma,,
Produto - financeiro-comex,TipoFornecedorFinanceiro,,CIA_AEREA,CIA_AEREA,,,,,,,,,,financeiro-comex,FinanceiroLancamento,tipo_fornecedor,3,,,Nao,,produto/financeiro-comex/server/prisma/fragment.prisma,,
Produto - financeiro-comex,TipoFornecedorFinanceiro,,ARMAZEM_ALFANDEGADO,ARMAZEM_ALFANDEGADO,,,,,,,,,,financeiro-comex,FinanceiroLancamento,tipo_fornecedor,4,,,Nao,,produto/financeiro-comex/server/prisma/fragment.prisma,,
Produto - financeiro-comex,TipoFornecedorFinanceiro,,ARMAZEM,ARMAZEM,,,,,,,,,,financeiro-comex,FinanceiroLancamento,tipo_fornecedor,5,,,Nao,,produto/financeiro-comex/server/prisma/fragment.prisma,,
Produto - financeiro-comex,TipoFornecedorFinanceiro,,TRANSPORTADORA_RODOVIARIA,TRANSPORTADORA_RODOVIARIA,,,,,,,,,,financeiro-comex,FinanceiroLancamento,tipo_fornecedor,6,,,Nao,,produto/financeiro-comex/server/prisma/fragment.prisma,,
Produto - financeiro-comex,TipoFornecedorFinanceiro,,SEGURADORA,SEGURADORA,,,,,,,,,,financeiro-comex,FinanceiroLancamento,tipo_fornecedor,7,,,Nao,,produto/financeiro-comex/server/prisma/fragment.prisma,,
Produto - financeiro-comex,TipoFornecedorFinanceiro,,CORRETORA_DE_CAMBIO,CORRETORA_DE_CAMBIO,,,,,,,,,,financeiro-comex,FinanceiroLancamento,tipo_fornecedor,8,,,Nao,,produto/financeiro-comex/server/prisma/fragment.prisma,,
Produto - financeiro-comex,TipoFornecedorFinanceiro,,EXPORTADOR,EXPORTADOR,,,,,,,,,,financeiro-comex,FinanceiroLancamento,tipo_fornecedor,9,,,Nao,,produto/financeiro-comex/server/prisma/fragment.prisma,,
Produto - financeiro-comex,TipoFornecedorFinanceiro,,FABRICANTE,FABRICANTE,,,,,,,,,,financeiro-comex,FinanceiroLancamento,tipo_fornecedor,10,,,Nao,,produto/financeiro-comex/server/prisma/fragment.prisma,,
Produto - financeiro-comex,TipoFornecedorFinanceiro,,TRADING,TRADING,,,,,,,,,,financeiro-comex,FinanceiroLancamento,tipo_fornecedor,11,,,Nao,,produto/financeiro-comex/server/prisma/fragment.prisma,,
Produto - financeiro-comex,TipoFornecedorFinanceiro,,DESPACHANTE,DESPACHANTE,,,,,,,,,,financeiro-comex,FinanceiroLancamento,tipo_fornecedor,12,,,Nao,,produto/financeiro-comex/server/prisma/fragment.prisma,,
Produto - financeiro-comex,TipoFornecedorFinanceiro,,RECEITA_FEDERAL,RECEITA_FEDERAL,,,,,,,,,,financeiro-comex,FinanceiroLancamento,tipo_fornecedor,13,,,Nao,,produto/financeiro-comex/server/prisma/fragment.prisma,,
Produto - financeiro-comex,TipoFornecedorFinanceiro,,OUTRO,OUTRO,,,,,,,,,,financeiro-comex,FinanceiroLancamento,tipo_fornecedor,14,,,Nao,,produto/financeiro-comex/server/prisma/fragment.prisma,,
Produto - financeiro-comex,GrupoCusto,,IMPOSTOS_FEDERAIS,IMPOSTOS_FEDERAIS,,,,,,,,,,financeiro-comex,FinanceiroLancamento | FinanceiroCategorias,grupo_custo,1,,,Nao,,produto/financeiro-comex/server/prisma/fragment.prisma,,
Produto - financeiro-comex,GrupoCusto,,CUSTO_OPERACIONAL,CUSTO_OPERACIONAL,,,,,,,,,,financeiro-comex,FinanceiroLancamento | FinanceiroCategorias,grupo_custo,2,,,Nao,,produto/financeiro-comex/server/prisma/fragment.prisma,,
Produto - nf-importacao,StatusNf,,rascunho,rascunho,,,,,,,,,,nf-importacao,NfImportacao,status,1,,,Sim,,produto/nf-importacao/server/prisma/fragment.prisma,,
Produto - nf-importacao,StatusNf,,em_composicao,em_composicao,,,,,,,,,,nf-importacao,NfImportacao,status,2,,,Nao,,produto/nf-importacao/server/prisma/fragment.prisma,,
Produto - nf-importacao,StatusNf,,pronta,pronta,,,,,,,,,,nf-importacao,NfImportacao,status,3,,,Nao,,produto/nf-importacao/server/prisma/fragment.prisma,,
Produto - nf-importacao,StatusNf,,exportada,exportada,,,,,,,,,,nf-importacao,NfImportacao,status,4,,,Nao,,produto/nf-importacao/server/prisma/fragment.prisma,,
Produto - nf-importacao,StatusNf,,cancelada,cancelada,,,,,,,,,,nf-importacao,NfImportacao,status,5,,,Nao,,produto/nf-importacao/server/prisma/fragment.prisma,,
Produto - nf-importacao,MetodoRateio,,PESO_LIQUIDO,PESO_LIQUIDO,,,,,,,,,,nf-importacao,NfImportacaoDespesa | NfImportacaoRateio | DespesaCatalogo | DespesaTemplateItem,metodo_rateio | metodo_usado | metodo_rateio_padrao,1,,,Nao,,produto/nf-importacao/server/prisma/fragment.prisma,,
Produto - nf-importacao,MetodoRateio,,PESO_BRUTO,PESO_BRUTO,,,,,,,,,,nf-importacao,NfImportacaoDespesa | NfImportacaoRateio | DespesaCatalogo | DespesaTemplateItem,metodo_rateio | metodo_usado | metodo_rateio_padrao,2,,,Nao,,produto/nf-importacao/server/prisma/fragment.prisma,,
Produto - nf-importacao,MetodoRateio,,VALOR_CIF,VALOR_CIF,,,,,,,,,,nf-importacao,NfImportacaoDespesa | NfImportacaoRateio | DespesaCatalogo | DespesaTemplateItem,metodo_rateio | metodo_usado | metodo_rateio_padrao,3,,,Sim,,produto/nf-importacao/server/prisma/fragment.prisma,,
Produto - nf-importacao,MetodoRateio,,VALOR_FOB,VALOR_FOB,,,,,,,,,,nf-importacao,NfImportacaoDespesa | NfImportacaoRateio | DespesaCatalogo | DespesaTemplateItem,metodo_rateio | metodo_usado | metodo_rateio_padrao,4,,,Nao,,produto/nf-importacao/server/prisma/fragment.prisma,,
Produto - nf-importacao,MetodoRateio,,QUANTIDADE,QUANTIDADE,,,,,,,,,,nf-importacao,NfImportacaoDespesa | NfImportacaoRateio | DespesaCatalogo | DespesaTemplateItem,metodo_rateio | metodo_usado | metodo_rateio_padrao,5,,,Nao,,produto/nf-importacao/server/prisma/fragment.prisma,,
Produto - nf-importacao,MetodoRateio,,VALOR_II,VALOR_II,,,,,,,,,,nf-importacao,NfImportacaoDespesa | NfImportacaoRateio | DespesaCatalogo | DespesaTemplateItem,metodo_rateio | metodo_usado | metodo_rateio_padrao,6,,,Nao,,produto/nf-importacao/server/prisma/fragment.prisma,,
Produto - nf-importacao,MetodoRateio,,IGUALITARIO,IGUALITARIO,,,,,,,,,,nf-importacao,NfImportacaoDespesa | NfImportacaoRateio | DespesaCatalogo | DespesaTemplateItem,metodo_rateio | metodo_usado | metodo_rateio_padrao,7,,,Nao,,produto/nf-importacao/server/prisma/fragment.prisma,,
Produto - nf-importacao,MetodoRateio,,MANUAL,MANUAL,,,,,,,,,,nf-importacao,NfImportacaoDespesa | NfImportacaoRateio | DespesaCatalogo | DespesaTemplateItem,metodo_rateio | metodo_usado | metodo_rateio_padrao,8,,,Nao,,produto/nf-importacao/server/prisma/fragment.prisma,,
Produto - nf-importacao,MetodoRateio,,CUSTOMIZADO,CUSTOMIZADO,,,,,,,,,,nf-importacao,NfImportacaoDespesa | NfImportacaoRateio | DespesaCatalogo | DespesaTemplateItem,metodo_rateio | metodo_usado | metodo_rateio_padrao,9,,,Nao,,produto/nf-importacao/server/prisma/fragment.prisma,,
Produto - nf-importacao,CanalEntrada,,MANUAL,MANUAL,,,,,,,,,,nf-importacao,NfImportacao,canal_entrada,1,,,Sim,,produto/nf-importacao/server/prisma/fragment.prisma,,
Produto - nf-importacao,CanalEntrada,,XML,XML,,,,,,,,,,nf-importacao,NfImportacao,canal_entrada,2,,,Nao,,produto/nf-importacao/server/prisma/fragment.prisma,,
Produto - nf-importacao,CanalEntrada,,SMART_READ,SMART_READ,,,,,,,,,,nf-importacao,NfImportacao,canal_entrada,3,,,Nao,,produto/nf-importacao/server/prisma/fragment.prisma,,
Produto - nf-importacao,CanalEntrada,,PORTAL_UNICO,PORTAL_UNICO,,,,,,,,,,nf-importacao,NfImportacao,canal_entrada,4,,,Nao,,produto/nf-importacao/server/prisma/fragment.prisma,,
Produto - nf-importacao,CanalEntrada,,ERP,ERP,,,,,,,,,,nf-importacao,NfImportacao,canal_entrada,5,,,Nao,,produto/nf-importacao/server/prisma/fragment.prisma,,
Produto - nf-importacao,CanalEntrada,,PROCESSO,PROCESSO,,,,,,,,,,nf-importacao,NfImportacao,canal_entrada,6,,,Nao,,produto/nf-importacao/server/prisma/fragment.prisma,,
Produto - nf-importacao,OrigemDespesa,,MANUAL,MANUAL,,,,,,,,,,nf-importacao,NfImportacaoDespesa,origem,1,,,Sim,,produto/nf-importacao/server/prisma/fragment.prisma,,
Produto - nf-importacao,OrigemDespesa,,TEMPLATE,TEMPLATE,,,,,,,,,,nf-importacao,NfImportacaoDespesa,origem,2,,,Nao,,produto/nf-importacao/server/prisma/fragment.prisma,,
Produto - nf-importacao,OrigemDespesa,,SMART_READ,SMART_READ,,,,,,,,,,nf-importacao,NfImportacaoDespesa,origem,3,,,Nao,,produto/nf-importacao/server/prisma/fragment.prisma,,
Produto - nf-importacao,OrigemDespesa,,PLANILHA,PLANILHA,,,,,,,,,,nf-importacao,NfImportacaoDespesa,origem,4,,,Nao,,produto/nf-importacao/server/prisma/fragment.prisma,,
Produto - nf-importacao,FormatoExport,,XML,XML,,,,,,,,,,nf-importacao,NfImportacao | ExportLayout,formato_exportado | formato,1,,,Nao,,produto/nf-importacao/server/prisma/fragment.prisma,,
Produto - nf-importacao,FormatoExport,,TXT,TXT,,,,,,,,,,nf-importacao,NfImportacao | ExportLayout,formato_exportado | formato,2,,,Nao,,produto/nf-importacao/server/prisma/fragment.prisma,,
Produto - nf-importacao,FormatoExport,,CSV,CSV,,,,,,,,,,nf-importacao,NfImportacao | ExportLayout,formato_exportado | formato,3,,,Nao,,produto/nf-importacao/server/prisma/fragment.prisma,,
Produto - nf-importacao,FormatoExport,,EXCEL,EXCEL,,,,,,,,,,nf-importacao,NfImportacao | ExportLayout,formato_exportado | formato,4,,,Nao,,produto/nf-importacao/server/prisma/fragment.prisma,,
Produto - nf-importacao,FormatoExport,,JSON,JSON,,,,,,,,,,nf-importacao,NfImportacao | ExportLayout,formato_exportado | formato,5,,,Nao,,produto/nf-importacao/server/prisma/fragment.prisma,,
Produto - nf-importacao,FormatoExport,,PDF,PDF,,,,,,,,,,nf-importacao,NfImportacao | ExportLayout,formato_exportado | formato,6,,,Nao,,produto/nf-importacao/server/prisma/fragment.prisma,,
Produto - nf-importacao,TipoDado,,TEXTO,TEXTO,,,,,,,,,,nf-importacao,ExportLayoutCampo,tipo_dado,1,,,Sim,,produto/nf-importacao/server/prisma/fragment.prisma,,
Produto - nf-importacao,TipoDado,,NUMERO,NUMERO,,,,,,,,,,nf-importacao,ExportLayoutCampo,tipo_dado,2,,,Nao,,produto/nf-importacao/server/prisma/fragment.prisma,,
Produto - nf-importacao,TipoDado,,DATA,DATA,,,,,,,,,,nf-importacao,ExportLayoutCampo,tipo_dado,3,,,Nao,,produto/nf-importacao/server/prisma/fragment.prisma,,
Produto - nf-importacao,TipoDado,,DECIMAL,DECIMAL,,,,,,,,,,nf-importacao,ExportLayoutCampo,tipo_dado,4,,,Nao,,produto/nf-importacao/server/prisma/fragment.prisma,,
Produto - nf-importacao,Alinhamento,,ESQUERDA,ESQUERDA,,,,,,,,,,nf-importacao,ExportLayoutCampo,alinhamento,1,,,Sim,,produto/nf-importacao/server/prisma/fragment.prisma,,
Produto - nf-importacao,Alinhamento,,DIREITA,DIREITA,,,,,,,,,,nf-importacao,ExportLayoutCampo,alinhamento,2,,,Nao,,produto/nf-importacao/server/prisma/fragment.prisma,,
Produto - nf-importacao,Alinhamento,,CENTRO,CENTRO,,,,,,,,,,nf-importacao,ExportLayoutCampo,alinhamento,3,,,Nao,,produto/nf-importacao/server/prisma/fragment.prisma,,
Produto - pedido,StatusPedido,,draft,draft,,,,,,,,,,pedido,,,1,,,Nao,,produto/pedido/server/prisma/fragment.prisma,,
Produto - pedido,StatusPedido,,aberto,aberto,,,,,,,,,,pedido,,,2,,,Nao,,produto/pedido/server/prisma/fragment.prisma,,
Produto - pedido,StatusPedido,,em_andamento,em_andamento,,,,,,,,,,pedido,,,3,,,Nao,,produto/pedido/server/prisma/fragment.prisma,,
Produto - pedido,StatusPedido,,aprovado,aprovado,,,,,,,,,,pedido,,,4,,,Nao,,produto/pedido/server/prisma/fragment.prisma,,
Produto - pedido,StatusPedido,,transferencia,transferencia,,,,,,,,,,pedido,,,5,,,Nao,,produto/pedido/server/prisma/fragment.prisma,,
Produto - pedido,StatusPedido,,consolidado,consolidado,,,,,,,,,,pedido,,,6,,,Nao,,produto/pedido/server/prisma/fragment.prisma,,
Produto - pedido,StatusPedido,,cancelado,cancelado,,,,,,,,,,pedido,,,7,,,Nao,,produto/pedido/server/prisma/fragment.prisma,,
Produto - pedido,TipoOperacao,,importacao,importacao,,,,,,,,,,pedido,Cotacao,tipo_operacao,1,,,Nao,,produto/pedido/server/prisma/fragment.prisma,,
Produto - pedido,TipoOperacao,,exportacao,exportacao,,,,,,,,,,pedido,Cotacao,tipo_operacao,2,,,Nao,,produto/pedido/server/prisma/fragment.prisma,,
Produto - pedido,MoedaPedido,,USD,USD,,,,,,,,,,pedido,,,1,,,Nao,,produto/pedido/server/prisma/fragment.prisma,,
Produto - pedido,MoedaPedido,,EUR,EUR,,,,,,,,,,pedido,,,2,,,Nao,,produto/pedido/server/prisma/fragment.prisma,,
Produto - pedido,MoedaPedido,,CNY,CNY,,,,,,,,,,pedido,,,3,,,Nao,,produto/pedido/server/prisma/fragment.prisma,,
Produto - pedido,MoedaPedido,,JPY,JPY,,,,,,,,,,pedido,,,4,,,Nao,,produto/pedido/server/prisma/fragment.prisma,,
Produto - pedido,MoedaPedido,,GBP,GBP,,,,,,,,,,pedido,,,5,,,Nao,,produto/pedido/server/prisma/fragment.prisma,,
Produto - pedido,MoedaPedido,,BRL,BRL,,,,,,,,,,pedido,,,6,,,Nao,,produto/pedido/server/prisma/fragment.prisma,,
Produto - pedido,IncotermPedido,,FOB,FOB,,,,,,,,,,pedido,,,1,,,Nao,,produto/pedido/server/prisma/fragment.prisma,,
Produto - pedido,IncotermPedido,,CIF,CIF,,,,,,,,,,pedido,,,2,,,Nao,,produto/pedido/server/prisma/fragment.prisma,,
Produto - pedido,IncotermPedido,,EXW,EXW,,,,,,,,,,pedido,,,3,,,Nao,,produto/pedido/server/prisma/fragment.prisma,,
Produto - pedido,IncotermPedido,,CFR,CFR,,,,,,,,,,pedido,,,4,,,Nao,,produto/pedido/server/prisma/fragment.prisma,,
Produto - pedido,IncotermPedido,,FCA,FCA,,,,,,,,,,pedido,,,5,,,Nao,,produto/pedido/server/prisma/fragment.prisma,,
Produto - pedido,IncotermPedido,,DDP,DDP,,,,,,,,,,pedido,,,6,,,Nao,,produto/pedido/server/prisma/fragment.prisma,,
Produto - pedido,IncotermPedido,,DAP,DAP,,,,,,,,,,pedido,,,7,,,Nao,,produto/pedido/server/prisma/fragment.prisma,,
Produto - pedido,IncotermPedido,,CPT,CPT,,,,,,,,,,pedido,,,8,,,Nao,,produto/pedido/server/prisma/fragment.prisma,,
Produto - pedido,IncotermPedido,,CIP,CIP,,,,,,,,,,pedido,,,9,,,Nao,,produto/pedido/server/prisma/fragment.prisma,,
Produto - pedido,IncotermPedido,,DPU,DPU,,,,,,,,,,pedido,,,10,,,Nao,,produto/pedido/server/prisma/fragment.prisma,,
Produto - pedido,IncotermPedido,,FAS,FAS,,,,,,,,,,pedido,,,11,,,Nao,,produto/pedido/server/prisma/fragment.prisma,,
Produto - pedido,UnidadeComercializada,,UNID,UNID,,,,,,,,,,pedido,,,1,,,Nao,,produto/pedido/server/prisma/fragment.prisma,,
Produto - pedido,UnidadeComercializada,,KG,KG,,,,,,,,,,pedido,,,2,,,Nao,,produto/pedido/server/prisma/fragment.prisma,,
Produto - pedido,UnidadeComercializada,,TON,TON,,,,,,,,,,pedido,,,3,,,Nao,,produto/pedido/server/prisma/fragment.prisma,,
Produto - pedido,UnidadeComercializada,,M,M,,,,,,,,,,pedido,,,4,,,Nao,,produto/pedido/server/prisma/fragment.prisma,,
Produto - pedido,UnidadeComercializada,,M2,M2,,,,,,,,,,pedido,,,5,,,Nao,,produto/pedido/server/prisma/fragment.prisma,,
Produto - pedido,UnidadeComercializada,,M3,M3,,,,,,,,,,pedido,,,6,,,Nao,,produto/pedido/server/prisma/fragment.prisma,,
Produto - pedido,UnidadeComercializada,,LT,LT,,,,,,,,,,pedido,,,7,,,Nao,,produto/pedido/server/prisma/fragment.prisma,,
Produto - pedido,UnidadeComercializada,,PARES,PARES,,,,,,,,,,pedido,,,8,,,Nao,,produto/pedido/server/prisma/fragment.prisma,,
Produto - pedido,UnidadeComercializada,,DUZIA,DUZIA,,,,,,,,,,pedido,,,9,,,Nao,,produto/pedido/server/prisma/fragment.prisma,,
Produto - pedido,UnidadeComercializada,,JOGO,JOGO,,,,,,,,,,pedido,,,10,,,Nao,,produto/pedido/server/prisma/fragment.prisma,,
Produto - simula-custo,OperacaoTipo,,IMPORTACAO,IMPORTACAO,,,,,,,,,,simula-custo,Estimativa,operacao,1,,,Sim,,produto/simula-custo/server/prisma/fragment.prisma,,
Produto - simula-custo,OperacaoTipo,,EXPORTACAO,EXPORTACAO,,,,,,,,,,simula-custo,Estimativa,operacao,2,,,Nao,,produto/simula-custo/server/prisma/fragment.prisma,,
Produto - simula-custo,TipoOperacaoDetalhe,,DIRETA,DIRETA,,,,,,,,,,simula-custo,Estimativa,tipo_operacao,1,,,Sim,,produto/simula-custo/server/prisma/fragment.prisma,,
Produto - simula-custo,TipoOperacaoDetalhe,,CONTA_ORDEM,CONTA_ORDEM,,,,,,,,,,simula-custo,Estimativa,tipo_operacao,2,,,Nao,,produto/simula-custo/server/prisma/fragment.prisma,,
Produto - simula-custo,TipoOperacaoDetalhe,,ENCOMENDA,ENCOMENDA,,,,,,,,,,simula-custo,Estimativa,tipo_operacao,3,,,Nao,,produto/simula-custo/server/prisma/fragment.prisma,,
Produto - simula-custo,TipoOperacaoDetalhe,,COMERCIAL_EXPORTADORA,COMERCIAL_EXPORTADORA,,,,,,,,,,simula-custo,Estimativa,tipo_operacao,4,,,Nao,,produto/simula-custo/server/prisma/fragment.prisma,,
Produto - simula-custo,EstimativaStatus,,EM_CRIACAO,EM_CRIACAO,,,,,,,,,,simula-custo,Estimativa,status,1,,,Sim,,produto/simula-custo/server/prisma/fragment.prisma,,
Produto - simula-custo,EstimativaStatus,,CRIADA,CRIADA,,,,,,,,,,simula-custo,Estimativa,status,2,,,Nao,,produto/simula-custo/server/prisma/fragment.prisma,,
Produto - simula-custo,EstimativaStatus,,ARQUIVADA,ARQUIVADA,,,,,,,,,,simula-custo,Estimativa,status,3,,,Nao,,produto/simula-custo/server/prisma/fragment.prisma,,
Produto - simula-custo,TaxaTipo,,ORIGEM,ORIGEM,,,,,,,,,,simula-custo,TaxaEstimativa,tipo,1,,,Nao,,produto/simula-custo/server/prisma/fragment.prisma,,
Produto - simula-custo,TaxaTipo,,DESTINO,DESTINO,,,,,,,,,,simula-custo,TaxaEstimativa,tipo,2,,,Nao,,produto/simula-custo/server/prisma/fragment.prisma,,
Produto - simula-custo,CobrancaTipo,,PROCESSO,PROCESSO,,,,,,,,,,simula-custo,TaxaEstimativa,cobranca_por,1,,,Sim,,produto/simula-custo/server/prisma/fragment.prisma,,
Produto - simula-custo,CobrancaTipo,,CONTAINER,CONTAINER,,,,,,,,,,simula-custo,TaxaEstimativa,cobranca_por,2,,,Nao,,produto/simula-custo/server/prisma/fragment.prisma,,
Produto - simula-custo,CobrancaTipo,,AWB,AWB,,,,,,,,,,simula-custo,TaxaEstimativa,cobranca_por,3,,,Nao,,produto/simula-custo/server/prisma/fragment.prisma,,
Produto - simula-custo,CobrancaTipo,,BL,BL,,,,,,,,,,simula-custo,TaxaEstimativa,cobranca_por,4,,,Nao,,produto/simula-custo/server/prisma/fragment.prisma,,
Produto - simula-custo,CobrancaTipo,,CRT,CRT,,,,,,,,,,simula-custo,TaxaEstimativa,cobranca_por,5,,,Nao,,produto/simula-custo/server/prisma/fragment.prisma,,
Produto - simula-custo,CobrancaTipo,,KGS,KGS,,,,,,,,,,simula-custo,TaxaEstimativa,cobranca_por,6,,,Nao,,produto/simula-custo/server/prisma/fragment.prisma,,
Produto - simula-custo,CobrancaTipo,,TON,TON,,,,,,,,,,simula-custo,TaxaEstimativa,cobranca_por,7,,,Nao,,produto/simula-custo/server/prisma/fragment.prisma,,
Produto - simula-custo,CobrancaTipo,,CAIXA,CAIXA,,,,,,,,,,simula-custo,TaxaEstimativa,cobranca_por,8,,,Nao,,produto/simula-custo/server/prisma/fragment.prisma,,
Produto - simula-custo,CobrancaTipo,,M3,M3,,,,,,,,,,simula-custo,TaxaEstimativa,cobranca_por,9,,,Nao,,produto/simula-custo/server/prisma/fragment.prisma,,
Produto - simula-custo,TributoTipo,,II,II,,,,,,,,,,simula-custo,TributoEstimativa,tributo,1,,,Nao,,produto/simula-custo/server/prisma/fragment.prisma,,
Produto - simula-custo,TributoTipo,,IPI,IPI,,,,,,,,,,simula-custo,TributoEstimativa,tributo,2,,,Nao,,produto/simula-custo/server/prisma/fragment.prisma,,
Produto - simula-custo,TributoTipo,,PIS,PIS,,,,,,,,,,simula-custo,TributoEstimativa,tributo,3,,,Nao,,produto/simula-custo/server/prisma/fragment.prisma,,
Produto - simula-custo,TributoTipo,,COFINS,COFINS,,,,,,,,,,simula-custo,TributoEstimativa,tributo,4,,,Nao,,produto/simula-custo/server/prisma/fragment.prisma,,
Produto - simula-custo,TributoTipo,,ICMS,ICMS,,,,,,,,,,simula-custo,TributoEstimativa,tributo,5,,,Nao,,produto/simula-custo/server/prisma/fragment.prisma,,
Produto - simula-custo,DocumentoTipo,,PEDIDO_COMPRA,PEDIDO_COMPRA,,,,,,,,,,simula-custo,DocumentoEstimativa,tipo,1,,,Nao,,produto/simula-custo/server/prisma/fragment.prisma,,
Produto - simula-custo,DocumentoTipo,,PEDIDO_VENDA,PEDIDO_VENDA,,,,,,,,,,simula-custo,DocumentoEstimativa,tipo,2,,,Nao,,produto/simula-custo/server/prisma/fragment.prisma,,
Produto - simula-custo,DocumentoTipo,,PROFORMA,PROFORMA,,,,,,,,,,simula-custo,DocumentoEstimativa,tipo,3,,,Nao,,produto/simula-custo/server/prisma/fragment.prisma,,
Produto - simula-custo,DocumentoTipo,,INVOICE,INVOICE,,,,,,,,,,simula-custo,DocumentoEstimativa,tipo,4,,,Nao,,produto/simula-custo/server/prisma/fragment.prisma,,
Produto - simula-custo,DocumentoTipo,,OUTRO,OUTRO,,,,,,,,,,simula-custo,DocumentoEstimativa,tipo,5,,,Nao,,produto/simula-custo/server/prisma/fragment.prisma,,
