Local,Nome no PostgreSQL,Nome no Prisma,Nome DDD,Nome no back - Atual,Nome no back - DDD,Nome no front - Atual,Nome no front - DDD,Nome em tela - Atual,Nome em tela - DDD,Entidade,Tipo,Produto Gravity,Natureza,Descricao,O que faz / Proposito,Tem tenant_id?,Chave primaria,Qtd FKs,Relacoes (lista),Qtd indices,Indices (lista),Soft delete?,Auditoria?,Qtd de campos,Volume estimado,Origem do dado,Consumidores principais,Escritores principais,Arquivo fragment,Status DDD,Observacoes
Configurador,organizacao,Organizacao,,,,,,,,,Tabela,Configurador,,,,Nao,id,0,,2,status | slug,Nao,created_at+updated_at,20,,,,,configurador/prisma/schema.prisma,,
Configurador,usuario,Usuario,,,,,,,,,Tabela,Configurador,,,,Sim,id,2,"tenant; preferred_company",4,"tenant_id | tenant_id, created_at | tenant_id, role | preferred_company_id",Nao,created_at+updated_at,13,,,,,configurador/prisma/schema.prisma,,
Configurador,assinatura_produto_gravity,AssinaturaProdutoGravity,,,,,,,,,Tabela,Configurador,,,,Sim,id,1,tenant,3,"tenant_id | tenant_id, created_at | tenant_id, status",Nao,created_at+updated_at,12,,,,,configurador/prisma/schema.prisma,,
Configurador,usuario_permissao,UsuarioPermissao,,,,,,,,,Tabela,Configurador,,,,Sim,id,2,"tenant; user",3,"tenant_id | tenant_id, user_id | tenant_id, company_id, user_id",Nao,created_at+updated_at,11,,,,,configurador/prisma/schema.prisma,,
Configurador,permissao_admin_gravity,PermissaoAdminGravity,,,,,,,,,Tabela,Configurador,,,,Nao,id,0,,2,"admin_id | admin_id, resource",Nao,created_at+updated_at,7,,,,,configurador/prisma/schema.prisma,,
Configurador,workspace,Empresa,,,,,,,,,Tabela,Configurador,,,,Sim,id,2,"tenant; preferred_by_users",3,"tenant_id | tenant_id, status | tenant_id, created_at",Nao,created_at+updated_at,12,,,,,configurador/prisma/schema.prisma,,
Configurador,usuario_workspace,UsuarioWorkspace,,,,,,,,,Tabela,Configurador,,,,Sim,id,2,"user; company",3,"tenant_id | tenant_id, user_id | tenant_id, company_id",Nao,created_at+updated_at,10,,,,,configurador/prisma/schema.prisma,,
Configurador,config_produto_gravity,ConfiguracaoProduto,,,,,,,,,Tabela,Configurador,,,,Sim,id,1,tenant,3,"tenant_id | tenant_id, product_key | tenant_id, is_active",Nao,created_at+updated_at,8,,,,,configurador/prisma/schema.prisma,,
Configurador,produto_gravity_workspace,ProdutoGravityWorkspace,,,,,,,,,Tabela,Configurador,,,,Sim,id,2,"tenant; company",3,"tenant_id | company_id | company_id, is_active",Nao,created_at+updated_at,9,,,,,configurador/prisma/schema.prisma,,
Configurador,produtos_gravity,ProdutoGravity,,,,,,,,,Tabela,Configurador,,,,Nao,id,0,,3,status | slug | deleted_at,Sim,created_at+updated_at,31,,,,,configurador/prisma/schema.prisma,,
Configurador,faixa_preco_produto_gravity,FaixaPreco,,,,,,,,,Tabela,Configurador,,,,Nao,id,1,product,2,"product_id | product_id, range_from",Nao,created_at,8,,,,,configurador/prisma/schema.prisma,,
Configurador,negociacao_especial_produto_gravity,NegociacaoEspecial,,,,,,,,,Tabela,Configurador,,,,Sim,id,1,product,3,"product_id | tenant_id | product_id, tenant_id",Nao,created_at+updated_at,11,,,,,configurador/prisma/schema.prisma,,
Configurador,deploy,Deploy,,,,,,,,,Tabela,Configurador,,,,Nao,id,0,,5,"deployed_at | area | environment | status | area, deployed_at",Nao,created_at,11,,,,,configurador/prisma/schema.prisma,,
Configurador,fornecedor_organizacao,FornecedorOrganizacao,,,,,,,,,Tabela,Configurador,,,,Sim,id,0,,3,"tenant_id | clerk_user_id | tenant_id, clerk_user_id",Nao,created_at+updated_at,6,,,,,configurador/prisma/schema.prisma,,
Configurador,seguranca,Seguranca,,,,,,,,,Tabela,Configurador,,,,Sim,id,0,,5,"created_at | severity | action | tenant_id, created_at | severity, created_at",Nao,created_at,15,,,,,configurador/prisma/schema.prisma,,
Configurador,requisicoes,Requisicoes,,,,,,,,,Tabela,Configurador,,,,Sim,id,0,,3,"created_at | blocked, created_at | tenant_id",Nao,created_at,10,,,,,configurador/prisma/schema.prisma,,
Configurador,servicos,Servicos,,,,,,,,,Tabela,Configurador,,,,Nao,id,0,,2,status | checked_at,Nao,created_at+updated_at,9,,,,,configurador/prisma/schema.prisma,,
Configurador,cambio,Cambio,,,,,,,,,Tabela,Configurador,,,,Nao,id,0,,4,"moeda | moeda, data_cotacao | data_cotacao | criado_em",Nao,Nao,9,,,,,configurador/prisma/schema.prisma,,
Configurador,testes,Testes,,,,,,,,,Tabela,Configurador,,,,Sim,id,0,,6,"tenant_id | created_at | type, escopo | result | run_id | test_id",Nao,created_at,17,,,,,configurador/prisma/schema.prisma,,
Configurador,agendamento_teste,AgendamentoTeste,,,,,,,,,Tabela,Configurador,,,,Sim,id,0,,3,tenant_id | ativo | proxima_exec,Nao,created_at+updated_at,14,,,,,configurador/prisma/schema.prisma,,
Configurador,plano_teste,PlanoTeste,,,,,,,,,Tabela,Configurador,,,,Sim,id,0,,4,"tenant_id | tipo, escopo | status | sublocal",Nao,created_at+updated_at,22,,,,,configurador/prisma/schema.prisma,,
Configurador,fatura_produtos_gravity,FaturaProdutosGravity,,,,,,,,,Tabela,Configurador,,,,Sim,id,0,,2,tenant_id | status_fatura_servicos_gravity,Nao,created_at+updated_at,12,,,,,configurador/prisma/schema.prisma,,
Configurador,metricas_gemini,MetricasGemini,,,,,,,,,Tabela,Configurador,,,,Nao,id,0,,1,data_analise_llm,Nao,created_at,12,,,,,configurador/prisma/schema.prisma,,
Cadastros,Empresa,Empresa,,,,,,,,,Tabela,Cadastros (tenant),,,,Nao,suid,0,,2,"id_organizacao | id_organizacao, nome_empresa",Nao,Nao,22,,,,,servicos-global/tenant/cadastros/prisma/fragment.prisma,,
Cadastros,Moeda,Moeda,,,,,,,,,Tabela,Cadastros (tenant),,,,Nao,codigo,0,,0,,Nao,Nao,4,,,,,servicos-global/tenant/cadastros/prisma/fragment.prisma,,
Cadastros,Unidade,Unidade,,,,,,,,,Tabela,Cadastros (tenant),,,,Nao,codigo,0,,0,,Nao,Nao,4,,,,,servicos-global/tenant/cadastros/prisma/fragment.prisma,,
Cadastros,NCM,NCM,,,,,,,,,Tabela,Cadastros (tenant),,,,Nao,codigo,0,,0,,Nao,Nao,5,,,,,servicos-global/tenant/cadastros/prisma/fragment.prisma,,
Cadastros,OPE,OPE,,,,,,,,,Tabela,Cadastros (tenant),,,,Nao,suid,0,,1,id_organizacao,Nao,Nao,16,,,,,servicos-global/tenant/cadastros/prisma/fragment.prisma,,
Cadastros,HistoricoStatusOPE,HistoricoStatusOPE,,,,,,,,,Tabela,Cadastros (tenant),,,,Nao,id,0,,2,suid_ope | registrado_em,Nao,Nao,7,,,,,servicos-global/tenant/cadastros/prisma/fragment.prisma,,
Tenant,agenda_usuario,Agenda,,,,,,,,,Tabela,agendamento,,,,Sim,id,0,,1,tenant_id,Nao,Nao,9,,,,,servicos-global/tenant/agendamento/prisma/fragment.prisma,,
Tenant,horario_disponivel,Slot,,,,,,,,,Tabela,agendamento,,,,Sim,id,1,agenda,2,tenant_id | agenda_id,Nao,Nao,10,,,,,servicos-global/tenant/agendamento/prisma/fragment.prisma,,
Tenant,reserva_agenda,Reserva,,,,,,,,,Tabela,agendamento,,,,Sim,id,1,slot,3,tenant_id | slot_id | usuario_id,Nao,Nao,10,,,,,servicos-global/tenant/agendamento/prisma/fragment.prisma,,
Tenant,config_disponibilidade_agenda,DisponibilidadeConfig,,,,,,,,,Tabela,agendamento,,,,Sim,id,1,agenda,1,tenant_id,Nao,Nao,11,,,,,servicos-global/tenant/agendamento/prisma/fragment.prisma,,
Tenant,TokenAPI,TokenAPI,,,,,,,,,Tabela,api-cockpit,,,,Sim,id,0,,3,"tenant_id | tenant_id, product_id | tenant_id, user_id",Nao,created_at+updated_at,15,,,,,servicos-global/tenant/api-cockpit/prisma/fragment.prisma,,
Tenant,WebhookConfig,WebhookConfig,,,,,,,,,Tabela,api-cockpit,,,,Sim,id,0,,3,"tenant_id | tenant_id, product_id | tenant_id, user_id",Nao,created_at+updated_at,10,,,,,servicos-global/tenant/api-cockpit/prisma/fragment.prisma,,
Tenant,WebhookLog,WebhookLog,,,,,,,,,Tabela,api-cockpit,,,,Sim,id,0,,4,"tenant_id | tenant_id, product_id | tenant_id, user_id | webhook_id",Nao,created_at+updated_at,13,,,,,servicos-global/tenant/api-cockpit/prisma/fragment.prisma,,
Tenant,LogConsumo,LogConsumo,,,,,,,,,Tabela,api-cockpit,,,,Sim,id,0,,4,"tenant_id | tenant_id, product_id | tenant_id, user_id | token_id",Nao,created_at+updated_at,11,,,,,servicos-global/tenant/api-cockpit/prisma/fragment.prisma,,
Tenant,ErpConnection,ErpConnection,,,,,,,,,Tabela,api-cockpit,,,,Sim,id,0,,3,"tenant_id | tenant_id, product_id | tenant_id, user_id",Nao,created_at+updated_at,8,,,,,servicos-global/tenant/api-cockpit/prisma/fragment.prisma,,
Tenant,atividades_dados,AtividadesDados,,,,,,,,,Tabela,atividades,,,,Sim,id,0,,3,"tenant_id | tenant_id, user_id | tenant_id, status",Nao,created_at+updated_at,22,,,,,servicos-global/tenant/atividades/prisma/fragment.prisma,,
Tenant,atividades_participantes,AtividadesParticipantes,,,,,,,,,Tabela,atividades,,,,Nao,id,1,atividade,1,atividade_id,Nao,Nao,5,,,,,servicos-global/tenant/atividades/prisma/fragment.prisma,,
Tenant,atividades_tempo,AtividadesTempo,,,,,,,,,Tabela,atividades,,,,Nao,id,1,atividade,1,atividade_id,Nao,Nao,6,,,,,servicos-global/tenant/atividades/prisma/fragment.prisma,,
Tenant,ConexaoERP,ConexaoERP,,,,,,,,,Tabela,conector-erp,,,,Sim,id,0,,3,"tenant_id | tenant_id, product_id | tenant_id, user_id",Nao,created_at+updated_at,19,,,,,servicos-global/tenant/conector-erp/prisma/fragment.prisma,,
Tenant,SincronizacaoLog,SincronizacaoLog,,,,,,,,,Tabela,conector-erp,,,,Sim,id,0,,3,"tenant_id | tenant_id, product_id | tenant_id, user_id",Nao,created_at+updated_at,15,,,,,servicos-global/tenant/conector-erp/prisma/fragment.prisma,,
Tenant,MapeamentoCampo,MapeamentoCampo,,,,,,,,,Tabela,conector-erp,,,,Sim,id,0,,3,"tenant_id | tenant_id, product_id | tenant_id, user_id",Nao,created_at+updated_at,14,,,,,servicos-global/tenant/conector-erp/prisma/fragment.prisma,,
Tenant,ErpQueryLog,ErpQueryLog,,,,,,,,,Tabela,conector-erp,,,,Sim,id,0,,3,"tenant_id | tenant_id, product_id | tenant_id, user_id",Nao,created_at+updated_at,13,,,,,servicos-global/tenant/conector-erp/prisma/fragment.prisma,,
Tenant,ErpAlerta,ErpAlerta,,,,,,,,,Tabela,conector-erp,,,,Sim,id,0,,3,"tenant_id | tenant_id, product_id | tenant_id, user_id",Nao,created_at+updated_at,14,,,,,servicos-global/tenant/conector-erp/prisma/fragment.prisma,,
Tenant,atividades_cronometro,AtividadesCronometro,,,,,,,,,Tabela,cronometro,,,,Sim,id,0,,5,"tenant_id | tenant_id, product_id | tenant_id, user_id | tenant_id, user_id, started_at | tenant_id, activity_id",Nao,created_at+updated_at,15,,,,,servicos-global/tenant/cronometro/prisma/fragment.prisma,,
Tenant,atividades_timer,AtividadesTimer,,,,,,,,,Tabela,cronometro,,,,Sim,id,0,,3,"tenant_id | tenant_id, user_id | user_id",Nao,created_at+updated_at,9,,,,,servicos-global/tenant/cronometro/prisma/fragment.prisma,,
Tenant,tempo_criacao_relatorio,TempoCriacaoRelatorio,,,,,,,,,Tabela,cronometro,,,,Sim,id,0,,4,"tenant_id | tenant_id, product_id | tenant_id, user_id | tenant_id, periodo_inicio, periodo_fim",Nao,Nao,10,,,,,servicos-global/tenant/cronometro/prisma/fragment.prisma,,
Tenant,dashboard_configuracao,DashboardConfiguracao,,,,,,,,,Tabela,dashboard,,,,Sim,id,0,,3,"tenant_id | tenant_id, product_id | tenant_id, user_id",Nao,created_at+updated_at,14,,,,,servicos-global/tenant/dashboard/prisma/fragment.prisma,,
Tenant,dashboard_criar,DashboardCriar,,,,,,,,,Tabela,dashboard,,,,Sim,id,1,dashboard,3,"tenant_id | tenant_id, product_id | tenant_id, user_id",Nao,created_at+updated_at,15,,,,,servicos-global/tenant/dashboard/prisma/fragment.prisma,,
Tenant,dashboard_metricas,DashboardMetricas,,,,,,,,,Tabela,dashboard,,,,Sim,id,0,,3,"tenant_id | tenant_id, product_id | tenant_id, user_id",Nao,Nao,10,,,,,servicos-global/tenant/dashboard/prisma/fragment.prisma,,
Tenant,dashboard_alertas,DashboardAlertas,,,,,,,,,Tabela,dashboard,,,,Sim,id,1,dashboard,3,"tenant_id | tenant_id, product_id | tenant_id, user_id",Nao,created_at+updated_at,15,,,,,servicos-global/tenant/dashboard/prisma/fragment.prisma,,
Tenant,dashboard_compartilhar,DashboardCompartilhar,,,,,,,,,Tabela,dashboard,,,,Sim,id,1,dashboard,4,"tenant_id | tenant_id, product_id | share_token | tenant_id, user_id",Nao,created_at,13,,,,,servicos-global/tenant/dashboard/prisma/fragment.prisma,,
Tenant,email_assuntos_participantes,EmailAssuntosParticipantes,,,,,,,,,Tabela,email,,,,Sim,id,0,,3,"tenant_id | tenant_id, product_id | tenant_id, user_id",Nao,created_at+updated_at,14,,,,,servicos-global/tenant/email/prisma/fragment.prisma,,
Tenant,email_mensagem,EmailMensagem,,,,,,,,,Tabela,email,,,,Sim,id,1,thread,5,"tenant_id | tenant_id, product_id | tenant_id, user_id | thread_id | dedup_key",Nao,created_at+updated_at,21,,,,,servicos-global/tenant/email/prisma/fragment.prisma,,
Tenant,email_registro_envio,EmailRegistroEnvio,,,,,,,,,Tabela,email,,,,Sim,id,0,,5,"tenant_id | tenant_id, product_id | tenant_id, user_id | status | dedup_key",Nao,created_at+updated_at,19,,,,,servicos-global/tenant/email/prisma/fragment.prisma,,
Tenant,template_email,TemplateEmail,,,,,,,,,Tabela,email,,,,Sim,id,0,,3,"tenant_id | tenant_id, product_id | tenant_id, user_id",Nao,created_at+updated_at,14,,,,,servicos-global/tenant/email/prisma/fragment.prisma,,
Tenant,email_fila_envio,EmailFilaEnvio,,,,,,,,,Tabela,email,,,,Sim,id,0,,5,"tenant_id | tenant_id, product_id | tenant_id, user_id | status, next_retry_at | tenant_id, status",Nao,created_at+updated_at,16,,,,,servicos-global/tenant/email/prisma/fragment.prisma,,
Tenant,conversa_completa_gabi,ConversaCompletaGabi,,,,,,,,,Tabela,gabi,,,,Sim,id,0,,3,"tenant_id | tenant_id, product_id | tenant_id, user_id",Nao,created_at+updated_at,8,,,,,servicos-global/tenant/gabi/prisma/fragment.prisma,,
Tenant,mensagem_individual_gabiai,MensagemIndividualGabiai,,,,,,,,,Tabela,gabi,,,,Sim,id,1,conversation,4,"tenant_id | tenant_id, product_id | tenant_id, user_id | conversation_id",Nao,created_at+updated_at,11,,,,,servicos-global/tenant/gabi/prisma/fragment.prisma,,
Tenant,gabiai_log_uso,GabiaLogUso,,,,,,,,,Tabela,gabi,,,,Sim,id,0,,3,"tenant_id | tenant_id, product_id | tenant_id, user_id",Nao,created_at,13,,,,,servicos-global/tenant/gabi/prisma/fragment.prisma,,
Tenant,gabiai_token_consumidos,GabiaTokenConsumidos,,,,,,,,,Tabela,gabi,,,,Sim,id,0,,3,"tenant_id | tenant_id, product_id | tenant_id, mes_ref",Nao,created_at,10,,,,,servicos-global/tenant/gabi/prisma/fragment.prisma,,
Tenant,gabiai_token_workspace,GabiaTokenWorkspace,,,,,,,,,Tabela,gabi,,,,Sim,id,0,,3,"tenant_id | tenant_id, product_id | tenant_id, mes_ref",Nao,updated_at,7,,,,,servicos-global/tenant/gabi/prisma/fragment.prisma,,
Tenant,personalizacao_organizacao_gabiai,PersonalizacaoOrganizacaoGabiai,,,,,,,,,Tabela,gabi,,,,Sim,id,0,,1,tenant_id,Nao,created_at+updated_at,10,,,,,servicos-global/tenant/gabi/prisma/fragment.prisma,,
Tenant,historico_log,HistoricoLog,,,,,,,,,Tabela,historico-global,,,,Sim,id,0,,6,"tenant_id | tenant_id, product_id | tenant_id, user_id | tenant_id, created_at | tenant_id, module, created_at | actor_id, created_at",Nao,created_at,20,,,,,servicos-global/tenant/historico-global/prisma/fragment.prisma,,
Tenant,alerta_regra,AlertRule,,,,,,,,,Tabela,historico-global,,,,Sim,id,0,,1,"tenant_id, enabled",Nao,created_at+updated_at,20,,,,,servicos-global/tenant/historico-global/prisma/fragment.prisma,,
Tenant,alerta_data,AlertEvent,,,,,,,,,Tabela,historico-global,,,,Sim,id,1,rule,2,"tenant_id, status | tenant_id, created_at",Nao,created_at,18,,,,,servicos-global/tenant/historico-global/prisma/fragment.prisma,,
Tenant,alerta_registro,AlertNotificationLog,,,,,,,,,Tabela,historico-global,,,,Nao,id,1,alert_event,1,alert_event_id,Nao,created_at,10,,,,,servicos-global/tenant/historico-global/prisma/fragment.prisma,,
Tenant,exportar_resultado,ExportarResultado,,,,,,,,,Tabela,historico-global,,,,Sim,id,0,,2,"tenant_id, status | expires_at",Nao,created_at,10,,,,,servicos-global/tenant/historico-global/prisma/fragment.prisma,,
Tenant,ncm_item,NcmItem,,,,,,,,,Tabela,ncm-sync,,,,Sim,id,0,,5,"tenant_id | tenant_id, product_id | tenant_id, user_id | tenant_id, ativo | tenant_id, codigo",Nao,created_at+updated_at,12,,,,,servicos-global/tenant/ncm-sync/prisma/fragment.prisma,,
Tenant,ncm_log,NcmSyncLog,,,,,,,,,Tabela,ncm-sync,,,,Sim,id,0,,5,"tenant_id | tenant_id, product_id | tenant_id, user_id | tenant_id, status | tenant_id, iniciado_em",Nao,created_at+updated_at,16,,,,,servicos-global/tenant/ncm-sync/prisma/fragment.prisma,,
Tenant,ncm_agendamento,NcmScheduleConfig,,,,,,,,,Tabela,ncm-sync,,,,Sim,id,0,,3,"tenant_id | tenant_id, product_id | tenant_id, user_id",Nao,Nao,9,,,,,servicos-global/tenant/ncm-sync/prisma/fragment.prisma,,
Tenant,notificacoes_titulo_corpo,NotificacoesTituloCorpo,,,,,,,,,Tabela,notificacoes,,,,Sim,id,0,,7,"tenant_id | tenant_id, product_id | tenant_id, user_id | tenant_id, user_id, read | tenant_id, created_at | tenant_id, delivery_status | external_id",Nao,created_at+updated_at,14,,,,,servicos-global/tenant/notificacoes/prisma/fragment.prisma,,
Tenant,contato_externo,ExternalContact,,,,,,,,,Tabela,notificacoes,,,,Sim,id,0,,4,"tenant_id | tenant_id, created_by | tenant_id, email | tenant_id, whatsapp_phone",Nao,created_at+updated_at,10,,,,,servicos-global/tenant/notificacoes/prisma/fragment.prisma,,
Tenant,configuracao_canal_tenant,TenantChannelConfig,,,,,,,,,Tabela,notificacoes,,,,Sim,id,0,,1,tenant_id,Nao,created_at+updated_at,7,,,,,servicos-global/tenant/notificacoes/prisma/fragment.prisma,,
Tenant,preferencia_workspace,UserPreferences,,,,,,,,,Tabela,preferencias-usuario,,,,Sim,id,0,,3,"user_id | tenant_id | tenant_id, user_id",Nao,created_at+updated_at,8,,,,,servicos-global/tenant/preferencias-usuario/prisma/fragment.prisma,,
Tenant,relatorios_salvos,RelatoriosSalvos,,,,,,,,,Tabela,relatorios,,,,Sim,id,0,,3,"tenant_id | tenant_id, product_id | tenant_id, user_id",Nao,created_at+updated_at,12,,,,,servicos-global/tenant/relatorios/prisma/fragment.prisma,,
Tenant,relatorios_configuracao,RelatoriosConfiguracao,,,,,,,,,Tabela,relatorios,,,,Sim,id,0,,3,"tenant_id | tenant_id, product_id | tenant_id, user_id",Nao,created_at+updated_at,11,,,,,servicos-global/tenant/relatorios/prisma/fragment.prisma,,
Tenant,exportar_job,ExportarJob,,,,,,,,,Tabela,relatorios,,,,Sim,id,0,,3,"tenant_id | tenant_id, product_id | tenant_id, user_id",Nao,created_at+updated_at,13,,,,,servicos-global/tenant/relatorios/prisma/fragment.prisma,,
Tenant,whatsapp_conversa,WhatsappConversa,,,,,,,,,Tabela,whatsapp,,,,Sim,id,0,,5,"tenant_id | tenant_id, product_id | tenant_id, user_id | tenant_id, status | tenant_id, wa_phone_number",Nao,created_at+updated_at,20,,,,,servicos-global/tenant/whatsapp/prisma/fragment.prisma,,
Tenant,whatsapp_mensagem,WhatsappMensagem,,,,,,,,,Tabela,whatsapp,,,,Sim,id,0,,5,"tenant_id | tenant_id, product_id | tenant_id, user_id | tenant_id, conversation_id | wa_message_id",Nao,created_at+updated_at,14,,,,,servicos-global/tenant/whatsapp/prisma/fragment.prisma,,
Tenant,whatsapp_log,WhatsappLog,,,,,,,,,Tabela,whatsapp,,,,Sim,id,0,,3,"tenant_id | tenant_id, product_id | tenant_id, user_id",Nao,created_at+updated_at,11,,,,,servicos-global/tenant/whatsapp/prisma/fragment.prisma,,
Tenant,whatsapp_regra,WhatsappRegra,,,,,,,,,Tabela,whatsapp,,,,Sim,id,0,,4,"tenant_id | tenant_id, product_id | tenant_id, user_id | tenant_id, active",Nao,created_at+updated_at,12,,,,,servicos-global/tenant/whatsapp/prisma/fragment.prisma,,
Produto - Helpdesk (template),HelpdeskCategoria,HelpdeskCategoria,,,,,,,,,Tabela,helpdesk,,,,Sim,id,0,,2,"tenant_id | tenant_id, product_id",Nao,created_at+updated_at,9,,,,,servicos-global/produto/helpdesk/prisma/fragment.prisma,,
Produto - Helpdesk (template),HelpdeskSLA,HelpdeskSLA,,,,,,,,,Tabela,helpdesk,,,,Sim,id,1,categoria,3,"tenant_id | tenant_id, product_id | categoria_id",Nao,created_at+updated_at,10,,,,,servicos-global/produto/helpdesk/prisma/fragment.prisma,,
Produto - Helpdesk (template),HelpdeskTicket,HelpdeskTicket,,,,,,,,,Tabela,helpdesk,,,,Sim,id,1,categoria,5,"tenant_id | tenant_id, product_id | tenant_id, user_id | categoria_id | assigned_to",Nao,created_at+updated_at,16,,,,,servicos-global/produto/helpdesk/prisma/fragment.prisma,,
Produto - Helpdesk (template),HelpdeskRespostaTemplate,HelpdeskRespostaTemplate,,,,,,,,,Tabela,helpdesk,,,,Sim,id,0,,2,"tenant_id | tenant_id, product_id",Nao,created_at+updated_at,7,,,,,servicos-global/produto/helpdesk/prisma/fragment.prisma,,
Produto - bid-cambio,cambio_parcelas,ParcelaCambio,,,,,,,,,Tabela,bid-cambio,,,,Sim,id,0,,5,"tenant_id | tenant_id, product_id | tenant_id, user_id | tenant_id, status | tenant_id, data_vencimento",Nao,created_at+updated_at,47,,,,,produto/bid-cambio/server/prisma/fragment.prisma,,
Produto - bid-cambio,cambio_anexos,AnexoCambio,,,,,,,,,Tabela,bid-cambio,,,,Sim,id,1,parcela,2,"tenant_id | tenant_id, parcela_id",Nao,created_at,10,,,,,produto/bid-cambio/server/prisma/fragment.prisma,,
Produto - bid-cambio,cambio_formas_pagamento,FormaPagamentoCambio,,,,,,,,,Tabela,bid-cambio,,,,Sim,id,0,,3,"tenant_id | tenant_id, product_id | tenant_id, user_id",Nao,created_at+updated_at,10,,,,,produto/bid-cambio/server/prisma/fragment.prisma,,
Produto - bid-cambio,cambio_config_parcelas,ConfigParcelaCambio,,,,,,,,,Tabela,bid-cambio,,,,Sim,id,1,forma_pagamento,2,"tenant_id | tenant_id, forma_pagamento_id",Nao,Nao,8,,,,,produto/bid-cambio/server/prisma/fragment.prisma,,
Produto - bid-cambio,cambio_cotacoes,CotacaoCambio,,,,,,,,,Tabela,bid-cambio,,,,Sim,id,0,,4,"tenant_id | tenant_id, product_id | tenant_id, user_id | tenant_id, status",Nao,created_at+updated_at,27,,,,,produto/bid-cambio/server/prisma/fragment.prisma,,
Produto - bid-cambio,cambio_bid_requests,BidRequestCambio,,,,,,,,,Tabela,bid-cambio,,,,Sim,id,2,"cotacao; corretora",3,"tenant_id | tenant_id, cotacao_id | token_publico",Nao,created_at+updated_at,16,,,,,produto/bid-cambio/server/prisma/fragment.prisma,,
Produto - bid-cambio,cambio_bid_responses,BidResponseCambio,,,,,,,,,Tabela,bid-cambio,,,,Sim,id,3,"cotacao; corretora; bid_request",3,"tenant_id | tenant_id, cotacao_id | tenant_id, corretora_id",Nao,created_at+updated_at,20,,,,,produto/bid-cambio/server/prisma/fragment.prisma,,
Produto - bid-cambio,cambio_corretoras,Corretora,,,,,,,,,Tabela,bid-cambio,,,,Sim,id,0,,5,"tenant_id | tenant_id, product_id | tenant_id, user_id | tenant_id, status | email",Nao,created_at+updated_at,20,,,,,produto/bid-cambio/server/prisma/fragment.prisma,,
Produto - bid-cambio,cambio_avaliacoes,AvaliacaoCorretora,,,,,,,,,Tabela,bid-cambio,,,,Sim,id,1,corretora,2,"tenant_id | tenant_id, corretora_id",Nao,created_at,12,,,,,produto/bid-cambio/server/prisma/fragment.prisma,,
Produto - bid-cambio,cambio_rating_corretora_global,RatingCorretora,,,,,,,,,Tabela,bid-cambio,,,,Nao,id,0,,0,,Nao,updated_at,14,,,,,produto/bid-cambio/server/prisma/fragment.prisma,,
Produto - bid-cambio,cambio_savings,SavingCambio,,,,,,,,,Tabela,bid-cambio,,,,Sim,id,0,,2,"tenant_id | tenant_id, cotacao_id",Nao,created_at,12,,,,,produto/bid-cambio/server/prisma/fragment.prisma,,
Produto - bid-cambio,cambio_preferencias,PreferenciaCambio,,,,,,,,,Tabela,bid-cambio,,,,Sim,id,0,,1,tenant_id,Nao,updated_at,9,,,,,produto/bid-cambio/server/prisma/fragment.prisma,,
Produto - bid-cambio,cambio_preferencias_grid,PreferenciaGridCambio,,,,,,,,,Tabela,bid-cambio,,,,Sim,id,0,,1,tenant_id,Nao,updated_at,8,,,,,produto/bid-cambio/server/prisma/fragment.prisma,,
Produto - bid-frete,bid_fornecedores,Fornecedor,,,,,,,,,Tabela,bid-frete,,,,Sim,id,0,,6,"tenant_id | tenant_id, product_id | tenant_id, user_id | tenant_id, tipo | tenant_id, status | email",Nao,created_at+updated_at,25,,,,,produto/bid-frete/server/prisma/fragment.prisma,,
Produto - bid-frete,bid_cotacoes,Cotacao,,,,,,,,,Tabela,bid-frete,,,,Sim,id,0,,7,"tenant_id | tenant_id, product_id | tenant_id, user_id | tenant_id, status | tenant_id, company_id | tenant_id, created_at | numero",Nao,created_at+updated_at,42,,,,,produto/bid-frete/server/prisma/fragment.prisma,,
Produto - bid-frete,bid_requests,BidRequest,,,,,,,,,Tabela,bid-frete,,,,Sim,id,2,"cotacao; fornecedor",6,"tenant_id | tenant_id, product_id | tenant_id, user_id | tenant_id, cotacao_id | tenant_id, fornecedor_id | token_resposta",Nao,created_at+updated_at,20,,,,,produto/bid-frete/server/prisma/fragment.prisma,,
Produto - bid-frete,bid_responses,BidResponse,,,,,,,,,Tabela,bid-frete,,,,Sim,id,3,"bid_request; cotacao; fornecedor",6,"tenant_id | tenant_id, product_id | tenant_id, user_id | tenant_id, cotacao_id | tenant_id, fornecedor_id | tenant_id, valor_total",Nao,created_at+updated_at,32,,,,,produto/bid-frete/server/prisma/fragment.prisma,,
Produto - bid-frete,bid_detalhe_taxas,DetalheTaxa,,,,,,,,,Tabela,bid-frete,,,,Sim,id,1,response,2,"tenant_id | tenant_id, response_id",Nao,Nao,8,,,,,produto/bid-frete/server/prisma/fragment.prisma,,
Produto - bid-frete,bid_tabelas_preco,TabelaPreco,,,,,,,,,Tabela,bid-frete,,,,Sim,id,1,fornecedor,6,"tenant_id | tenant_id, product_id | tenant_id, user_id | tenant_id, fornecedor_id | origem_codigo, destino_codigo, modal | validade_fim",Nao,created_at+updated_at,24,,,,,produto/bid-frete/server/prisma/fragment.prisma,,
Produto - bid-frete,bid_avaliacoes,Avaliacao,,,,,,,,,Tabela,bid-frete,,,,Sim,id,1,fornecedor,4,"tenant_id | tenant_id, product_id | tenant_id, user_id | fornecedor_id",Nao,created_at+updated_at,15,,,,,produto/bid-frete/server/prisma/fragment.prisma,,
Produto - bid-frete,bid_rating_fornecedor_global,RatingFornecedor,,,,,,,,,Tabela,bid-frete,,,,Nao,id,0,,2,rating_global | fornecedor_email,Nao,updated_at,16,,,,,produto/bid-frete/server/prisma/fragment.prisma,,
Produto - bid-frete,bid_savings,Saving,,,,,,,,,Tabela,bid-frete,,,,Sim,id,0,,5,"tenant_id | tenant_id, product_id | tenant_id, user_id | tenant_id, company_id | tenant_id, created_at",Nao,created_at,14,,,,,produto/bid-frete/server/prisma/fragment.prisma,,
Produto - bid-frete,bid_connector_configs,ConnectorConfig,,,,,,,,,Tabela,bid-frete,,,,Sim,id,1,fornecedor,4,"tenant_id | tenant_id, product_id | tenant_id, user_id | tenant_id, fornecedor_id",Nao,created_at+updated_at,19,,,,,produto/bid-frete/server/prisma/fragment.prisma,,
Produto - bid-frete,bid_portos,Porto,,,,,,,,,Tabela,bid-frete,,,,Nao,codigo,0,,3,pais_codigo | tipo | nome,Nao,Nao,8,,,,,produto/bid-frete/server/prisma/fragment.prisma,,
Produto - financeiro-comex,FinanceiroProcesso,FinanceiroProcesso,,,,,,,,,Tabela,financeiro-comex,,,,Sim,id,0,,3,"tenant_id | tenant_id, company_id | tenant_id, processo_id",Nao,created_at+updated_at,20,,,,,produto/financeiro-comex/server/prisma/fragment.prisma,,
Produto - financeiro-comex,FinanceiroLancamento,FinanceiroLancamento,,,,,,,,,Tabela,financeiro-comex,,,,Sim,id,2,"financeiro; categoria",5,"tenant_id | tenant_id, company_id | tenant_id, financeiro_id | tenant_id, status_pagamento | tenant_id, data_vencimento",Nao,created_at+updated_at,32,,,,,produto/financeiro-comex/server/prisma/fragment.prisma,,
Produto - financeiro-comex,FinanceiroCategorias,FinanceiroCategorias,,,,,,,,,Tabela,financeiro-comex,,,,Sim,id,0,,3,"tenant_id | tenant_id, company_id | tenant_id, tipo_operacao",Nao,created_at+updated_at,13,,,,,produto/financeiro-comex/server/prisma/fragment.prisma,,
Produto - financeiro-comex,FinanceiroCondicaoPagamento,FinanceiroCondicaoPagamento,,,,,,,,,Tabela,financeiro-comex,,,,Sim,id,0,,2,"tenant_id | tenant_id, company_id",Nao,created_at+updated_at,9,,,,,produto/financeiro-comex/server/prisma/fragment.prisma,,
Produto - financeiro-comex,FinanceiroNumerario,FinanceiroNumerario,,,,,,,,,Tabela,financeiro-comex,,,,Sim,id,1,financeiro,3,"tenant_id | tenant_id, company_id | tenant_id, financeiro_id",Nao,created_at+updated_at,16,,,,,produto/financeiro-comex/server/prisma/fragment.prisma,,
Produto - financeiro-comex,FinanceiroNumerarioDespesa,FinanceiroNumerarioDespesa,,,,,,,,,Tabela,financeiro-comex,,,,Sim,id,1,numerario,2,"tenant_id | tenant_id, numerario_id",Nao,created_at,11,,,,,produto/financeiro-comex/server/prisma/fragment.prisma,,
Produto - financeiro-comex,FinanceiroRateio,FinanceiroRateio,,,,,,,,,Tabela,financeiro-comex,,,,Sim,id,1,financeiro,2,"tenant_id | tenant_id, financeiro_id",Nao,Nao,9,,,,,produto/financeiro-comex/server/prisma/fragment.prisma,,
Produto - financeiro-comex,FinanceiroHistorico,FinanceiroHistorico,,,,,,,,,Tabela,financeiro-comex,,,,Sim,id,0,,3,"tenant_id | tenant_id, financeiro_id | tenant_id, lancamento_id",Nao,created_at,11,,,,,produto/financeiro-comex/server/prisma/fragment.prisma,,
Produto - lpco,lpcos,Lpco,,,,,,,,,Tabela,lpco,,,,Sim,id,0,,8,"tenant_id | tenant_id, product_id | tenant_id, user_id | tenant_id, company_id | tenant_id, company_id, status | tenant_id, company_id, orgao_anuente | status, data_ultima_exigencia | pedido_origem_id",Nao,created_at+updated_at,38,,,,,produto/lpco/server/prisma/fragment.prisma,,
Produto - lpco,lpco_itens,LpcoItem,,,,,,,,,Tabela,lpco,,,,Sim,id,1,lpco,5,"tenant_id | tenant_id, product_id | tenant_id, user_id | lpco_id | ncm",Nao,created_at+updated_at,23,,,,,produto/lpco/server/prisma/fragment.prisma,,
Produto - lpco,lpco_exigencias,LpcoExigencia,,,,,,,,,Tabela,lpco,,,,Sim,id,1,lpco,4,"tenant_id | tenant_id, product_id | tenant_id, user_id | lpco_id",Nao,created_at+updated_at,17,,,,,produto/lpco/server/prisma/fragment.prisma,,
Produto - lpco,lpco_vinculos,LpcoVinculo,,,,,,,,,Tabela,lpco,,,,Sim,id,1,lpco,5,"tenant_id | tenant_id, product_id | tenant_id, user_id | lpco_id | processo_id",Nao,created_at+updated_at,16,,,,,produto/lpco/server/prisma/fragment.prisma,,
Produto - lpco,lpco_documentos,LpcoDocumento,,,,,,,,,Tabela,lpco,,,,Sim,id,1,lpco,4,"tenant_id | tenant_id, product_id | tenant_id, user_id | lpco_id",Nao,created_at,14,,,,,produto/lpco/server/prisma/fragment.prisma,,
Produto - lpco,lpco_historico,LpcoHistorico,,,,,,,,,Tabela,lpco,,,,Sim,id,1,lpco,5,"tenant_id | tenant_id, product_id | tenant_id, user_id | lpco_id | lpco_id, created_at",Nao,created_at,14,,,,,produto/lpco/server/prisma/fragment.prisma,,
Produto - lpco,siscomex_credenciais,SiscomexCredencial,,,,,,,,,Tabela,lpco,,,,Sim,id,0,,2,"tenant_id | tenant_id, company_id",Nao,created_at+updated_at,16,,,,,produto/lpco/server/prisma/fragment.prisma,,
Produto - nf-importacao,nf_importacoes,NfImportacao,,,,,,,,,Tabela,nf-importacao,,,,Sim,id,0,,7,"tenant_id | tenant_id, product_id | tenant_id, user_id | tenant_id, company_id | tenant_id, company_id, status | duimp_numero | processo_id",Nao,created_at+updated_at,39,,,,,produto/nf-importacao/server/prisma/fragment.prisma,,
Produto - nf-importacao,nf_importacao_itens,NfImportacaoItem,,,,,,,,,Tabela,nf-importacao,,,,Sim,id,1,nf_importacao,4,"tenant_id | tenant_id, company_id | nf_importacao_id | ncm",Nao,created_at+updated_at,43,,,,,produto/nf-importacao/server/prisma/fragment.prisma,,
Produto - nf-importacao,nf_importacao_despesas,NfImportacaoDespesa,,,,,,,,,Tabela,nf-importacao,,,,Sim,id,1,nf_importacao,3,"tenant_id | tenant_id, company_id | nf_importacao_id",Nao,created_at+updated_at,20,,,,,produto/nf-importacao/server/prisma/fragment.prisma,,
Produto - nf-importacao,nf_importacao_rateios,NfImportacaoRateio,,,,,,,,,Tabela,nf-importacao,,,,Sim,id,2,"despesa; item",4,"tenant_id | tenant_id, company_id | despesa_id | item_id",Nao,created_at+updated_at,14,,,,,produto/nf-importacao/server/prisma/fragment.prisma,,
Produto - nf-importacao,nf_importacao_documentos,NfImportacaoDocumento,,,,,,,,,Tabela,nf-importacao,,,,Sim,id,1,nf_importacao,3,"tenant_id | tenant_id, company_id | nf_importacao_id",Nao,created_at,15,,,,,produto/nf-importacao/server/prisma/fragment.prisma,,
Produto - nf-importacao,nf_importacao_historico,NfImportacaoHistorico,,,,,,,,,Tabela,nf-importacao,,,,Sim,id,1,nf_importacao,4,"tenant_id | tenant_id, company_id | nf_importacao_id | created_at",Nao,created_at,12,,,,,produto/nf-importacao/server/prisma/fragment.prisma,,
Produto - nf-importacao,despesa_catalogos,DespesaCatalogo,,,,,,,,,Tabela,nf-importacao,,,,Sim,id,0,,2,"tenant_id | tenant_id, company_id",Nao,created_at+updated_at,12,,,,,produto/nf-importacao/server/prisma/fragment.prisma,,
Produto - nf-importacao,despesa_templates,DespesaTemplate,,,,,,,,,Tabela,nf-importacao,,,,Sim,id,0,,2,"tenant_id | tenant_id, company_id",Nao,created_at+updated_at,11,,,,,produto/nf-importacao/server/prisma/fragment.prisma,,
Produto - nf-importacao,despesa_template_itens,DespesaTemplateItem,,,,,,,,,Tabela,nf-importacao,,,,Sim,id,1,template,2,tenant_id | template_id,Nao,Nao,10,,,,,produto/nf-importacao/server/prisma/fragment.prisma,,
Produto - nf-importacao,export_layouts,ExportLayout,,,,,,,,,Tabela,nf-importacao,,,,Sim,id,0,,2,"tenant_id | tenant_id, company_id",Nao,created_at+updated_at,18,,,,,produto/nf-importacao/server/prisma/fragment.prisma,,
Produto - nf-importacao,export_layout_campos,ExportLayoutCampo,,,,,,,,,Tabela,nf-importacao,,,,Sim,id,1,layout,2,tenant_id | layout_id,Nao,Nao,16,,,,,produto/nf-importacao/server/prisma/fragment.prisma,,
Produto - nf-importacao,favoritos_fiscais,FavoritoFiscal,,,,,,,,,Tabela,nf-importacao,,,,Sim,id,0,,3,"tenant_id | tenant_id, company_id | tenant_id, company_id, ncm",Nao,created_at+updated_at,16,,,,,produto/nf-importacao/server/prisma/fragment.prisma,,
Produto - pedido,pedido_produto_gravity,Pedido,,,,,,,,,Tabela,pedido,,,,Sim,id,0,,7,"tenant_id | tenant_id, company_id | tenant_id, status | tenant_id, status_id | tenant_id, tipo_operacao | tenant_id, data_emissao_pedido | tenant_id, deleted_at",Sim,created_at+updated_at,89,,,,,produto/pedido/server/prisma/fragment.prisma,,
Produto - pedido,pedido_item,PedidoItem,,,,,,,,,Tabela,pedido,,,,Sim,id,1,pedido,3,"tenant_id | tenant_id, company_id | pedido_id",Nao,created_at+updated_at,39,,,,,produto/pedido/server/prisma/fragment.prisma,,
Produto - pedido,tabela_processos,Processo,,,,,,,,,Tabela,pedido,,,,Sim,id,0,,3,"tenant_id | company_id | tenant_id, company_id",Nao,created_at+updated_at,115,,,,,produto/pedido/server/prisma/fragment.prisma,,
Produto - pedido,fatura_processo,ProcessoFatura,,,,,,,,,Tabela,pedido,,,,Sim,id,1,processo,2,"tenant_id, company_id | tenant_id, processo_id",Nao,Nao,12,,,,,produto/pedido/server/prisma/fragment.prisma,,
Produto - pedido,logistica_processo,ProcessoItem,,,,,,,,,Tabela,pedido,,,,Sim,id,2,"pedido_item; processo",3,"tenant_id, company_id | processo_id | pedido_item_id",Nao,Nao,19,,,,,produto/pedido/server/prisma/fragment.prisma,,
Produto - pedido,container_processo,ProcessoContainer,,,,,,,,,Tabela,pedido,,,,Sim,id,1,processo,2,"tenant_id, company_id | processo_id",Nao,Nao,15,,,,,produto/pedido/server/prisma/fragment.prisma,,
Produto - pedido,status_pedido,PedidoStatus,,,,,,,,,Tabela,pedido,,,,Sim,id,0,,2,"tenant_id | tenant_id, company_id",Nao,created_at+updated_at,12,,,,,produto/pedido/server/prisma/fragment.prisma,,
Produto - pedido,pedido_colunas,PedidoColuna,,,,,,,,,Tabela,pedido,,,,Sim,id,0,,2,"tenant_id | tenant_id, company_id",Nao,created_at+updated_at,14,,,,,produto/pedido/server/prisma/fragment.prisma,,
Produto - pedido,preferencia_coluna_pedido,PedidoPreferenciaUsuario,,,,,,,,,Tabela,pedido,,,,Sim,id,0,,2,"tenant_id | tenant_id, user_id",Nao,updated_at,7,,,,,produto/pedido/server/prisma/fragment.prisma,,
Produto - pedido,preferencia_padrao_pedido,PedidoPreferenciaPadrao,,,,,,,,,Tabela,pedido,,,,Sim,id,0,,1,tenant_id,Nao,updated_at,6,,,,,produto/pedido/server/prisma/fragment.prisma,,
Produto - pedido,aprendizado_importacao_dados,AprendizadoImportacaoDados,,,,,,,,,Tabela,pedido,,,,Sim,id,0,,3,"tenant_id | tenant_id, product_id | tenant_id, user_id",Nao,created_at+updated_at,9,,,,,produto/pedido/server/prisma/fragment.prisma,,
Produto - pedido,anexo_pedido,AnexoPedido,,,,,,,,,Tabela,pedido,,,,Sim,id,0,,4,"tenant_id | tenant_id, product_id | tenant_id, vinculo_id | tenant_id, tipo_documento",Nao,created_at,14,,,,,produto/pedido/server/prisma/fragment.prisma,,
Produto - pedido,template_pedido_pdf,TemplatePedidoPdf,,,,,,,,,Tabela,pedido,,,,Sim,id,0,,2,"tenant_id | tenant_id, product_id",Nao,created_at+updated_at,8,,,,,produto/pedido/server/prisma/fragment.prisma,,
Produto - pedido,tracking_items_transferidos,TrackingItemsTransferidos,,,,,,,,,Tabela,pedido,,,,Sim,id,1,pedido_origem,3,"tenant_id | tenant_id, product_id | tenant_id, pedido_origem_id",Nao,created_at,15,,,,,produto/pedido/server/prisma/fragment.prisma,,
Produto - pedido,coluna_usuario_pedido,ColunaUsuarioPedido,,,,,,,,,Tabela,pedido,,,,Sim,id,0,,3,"tenant_id | tenant_id, product_id | tenant_id, ativo",Nao,created_at+updated_at,19,,,,,produto/pedido/server/prisma/fragment.prisma,,
Produto - pedido,valor_coluna_usuario_pedido,ValorColunaUsuarioPedido,,,,,,,,,Tabela,pedido,,,,Sim,id,1,coluna,3,"tenant_id | tenant_id, product_id | tenant_id, vinculo_id",Nao,Nao,8,,,,,produto/pedido/server/prisma/fragment.prisma,,
Produto - pedido,kanban_preferencias,KanbanPreferencias,,,,,,,,,Tabela,pedido,,,,Sim,id,0,,2,"tenant_id | tenant_id, user_id",Nao,created_at+updated_at,6,,,,,produto/pedido/server/prisma/fragment.prisma,,
Produto - pedido,dashboard_preferencias,DashboardPreferencias,,,,,,,,,Tabela,pedido,,,,Sim,id,0,,2,"tenant_id | tenant_id, product_id",Nao,created_at+updated_at,6,,,,,produto/pedido/server/prisma/fragment.prisma,,
Produto - pedido,pedido_casas_decimais,PedidoCasasDecimais,,,,,,,,,Tabela,pedido,,,,Sim,id,0,,2,"tenant_id | tenant_id, product_id",Nao,created_at+updated_at,16,,,,,produto/pedido/server/prisma/fragment.prisma,,
Produto - pedido,pedido_saldo_formula,PedidoSaldoFormula,,,,,,,,,Tabela,pedido,,,,Sim,id,0,,2,"tenant_id | tenant_id, product_id",Nao,created_at+updated_at,6,,,,,produto/pedido/server/prisma/fragment.prisma,,
Produto - pedido,dashboard_painel,DashboardPainel,,,,,,,,,Tabela,pedido,,,,Sim,id,0,,2,"tenant_id | tenant_id, user_id",Nao,created_at+updated_at,9,,,,,produto/pedido/server/prisma/fragment.prisma,,
Produto - pedido,pedido_snapshot_empresa,PedidoSnapshotEmpresa,,,,,,,,,Tabela,pedido,,,,Nao,id,1,pedido,4,"id_organizacao | id_organizacao, id_pedido | id_organizacao, suid_empresa | id_organizacao, papel",Nao,Nao,29,,,,,produto/pedido/server/prisma/fragment.prisma,,
Produto - pedido,pedido_snapshot_ope,PedidoSnapshotOpe,,,,,,,,,Tabela,pedido,,,,Nao,id,1,pedido,3,"id_organizacao | id_organizacao, id_pedido | id_organizacao, codigo_ope",Nao,Nao,19,,,,,produto/pedido/server/prisma/fragment.prisma,,
Produto - pedido,pedido_config_atualizacao_cadastros,PedidoConfigAtualizacaoCadastros,,,,,,,,,Tabela,pedido,,,,Nao,id,0,,1,id_organizacao,Nao,created_at+updated_at,15,,,,,produto/pedido/server/prisma/fragment.prisma,,
Produto - processo,processos,Processo,,,,,,,,,Tabela,processo,,,,Sim,id,0,,4,"tenant_id | tenant_id, product_id | tenant_id, user_id | tenant_id, numero",Nao,created_at+updated_at,20,,,,,produto/processo/server/prisma/fragment.prisma,,
Produto - processo,processo_etapas,ProcessoEtapa,,,,,,,,,Tabela,processo,,,,Sim,id,1,processo,3,"tenant_id | tenant_id, product_id | tenant_id, processo_id",Nao,Nao,11,,,,,produto/processo/server/prisma/fragment.prisma,,
Produto - processo,pedidos,Pedido,,,,,,,,,Tabela,processo,,,,Sim,id,1,processo,5,"tenant_id | tenant_id, product_id | tenant_id, processo_id | tenant_id, status | tenant_id, status_id",Nao,created_at+updated_at,18,,,,,produto/processo/server/prisma/fragment.prisma,,
Produto - processo,pedido_item,PedidoItem,,,,,,,,,Tabela,processo,,,,Sim,id,1,pedido,3,"tenant_id | tenant_id, product_id | tenant_id, pedido_id",Nao,created_at+updated_at,18,,,,,produto/processo/server/prisma/fragment.prisma,,
Produto - processo,follow_ups,FollowUp,,,,,,,,,Tabela,processo,,,,Sim,id,1,processo,3,"tenant_id | tenant_id, product_id | tenant_id, processo_id",Nao,created_at,13,,,,,produto/processo/server/prisma/fragment.prisma,,
Produto - processo,documentos,Documento,,,,,,,,,Tabela,processo,,,,Sim,id,1,processo,3,"tenant_id | tenant_id, product_id | tenant_id, processo_id",Nao,created_at,12,,,,,produto/processo/server/prisma/fragment.prisma,,
Produto - processo,estimativas_custo,EstimativaCusto,,,,,,,,,Tabela,processo,,,,Sim,id,1,processo,2,"tenant_id | tenant_id, product_id",Nao,Nao,12,,,,,produto/processo/server/prisma/fragment.prisma,,
Produto - processo,dados_tecnicos,DadosTecnicos,,,,,,,,,Tabela,processo,,,,Sim,id,1,processo,2,"tenant_id | tenant_id, product_id",Nao,Nao,29,,,,,produto/processo/server/prisma/fragment.prisma,,
Produto - processo,pedido_status,PedidoStatus,,,,,,,,,Tabela,processo,,,,Sim,id,0,,2,"tenant_id | tenant_id, product_id",Nao,created_at+updated_at,12,,,,,produto/processo/server/prisma/fragment.prisma,,
Produto - processo,pedido_colunas,PedidoColuna,,,,,,,,,Tabela,processo,,,,Sim,id,0,,2,"tenant_id | tenant_id, product_id",Nao,created_at+updated_at,14,,,,,produto/processo/server/prisma/fragment.prisma,,
Produto - processo,pedido_preferencias_usuario,PedidoPreferenciaUsuario,,,,,,,,,Tabela,processo,,,,Sim,id,0,,2,"tenant_id | tenant_id, user_id",Nao,updated_at,7,,,,,produto/processo/server/prisma/fragment.prisma,,
Produto - processo,pedido_preferencias_padrao,PedidoPreferenciaPadrao,,,,,,,,,Tabela,processo,,,,Sim,id,0,,2,"tenant_id | tenant_id, product_id",Nao,updated_at,6,,,,,produto/processo/server/prisma/fragment.prisma,,
Produto - simula-custo,estimativas_trade,Estimativa,,,,,,,,,Tabela,simula-custo,,,,Sim,id,2,"taxas_origem; taxas_destino",9,"tenant_id | company_id | tenant_id, company_id | tenant_id, product_id | tenant_id, user_id | tenant_id, numero | tenant_id, status | tenant_id, ncm | processo_id",Nao,created_at+updated_at,43,,,,,produto/simula-custo/server/prisma/fragment.prisma,,
Produto - simula-custo,taxas_estimativa_trade,TaxaEstimativa,,,,,,,,,Tabela,simula-custo,,,,Sim,id,2,"estimativa_origem; estimativa_destino",6,"tenant_id | company_id | tenant_id, company_id | tenant_id, product_id | tenant_id, user_id | tenant_id, estimativa_id",Nao,Nao,14,,,,,produto/simula-custo/server/prisma/fragment.prisma,,
Produto - simula-custo,tributos_estimativa_trade,TributoEstimativa,,,,,,,,,Tabela,simula-custo,,,,Sim,id,1,estimativa,4,"tenant_id | tenant_id, product_id | tenant_id, user_id | tenant_id, estimativa_id",Nao,Nao,12,,,,,produto/simula-custo/server/prisma/fragment.prisma,,
Produto - simula-custo,documentos_estimativa_trade,DocumentoEstimativa,,,,,,,,,Tabela,simula-custo,,,,Sim,id,1,estimativa,4,"tenant_id | tenant_id, product_id | tenant_id, user_id | tenant_id, estimativa_id",Nao,created_at,9,,,,,produto/simula-custo/server/prisma/fragment.prisma,,
Produto - simula-custo,cache_aliquotas_ncm,CacheAliquota,,,,,,,,,Tabela,simula-custo,,,,Nao,ncm,0,,0,,Nao,updated_at,11,,,,,produto/simula-custo/server/prisma/fragment.prisma,,
Produto - simula-custo,cache_cambio_bacen,CacheCambio,,,,,,,,,Tabela,simula-custo,,,,Nao,id,0,,1,moeda,Nao,Nao,6,,,,,produto/simula-custo/server/prisma/fragment.prisma,,
Produto - simula-custo,sequencia_estimativa_trade,SequenciaEstimativa,,,,,,,,,Tabela,simula-custo,,,,Sim,id,0,,1,tenant_id,Nao,Nao,5,,,,,produto/simula-custo/server/prisma/fragment.prisma,,
